analyte,outer_fold,evaluation_unit,comparison_model,mae,rmse,r2,spearman_rho,normalized_mae,normalized_rmse,mean_absolute_log1p_error,unclipped_mae,clipped_fraction,n_observations
glucose,1,patch,Mean baseline,5.5100826446281,6.6800139802892256,0.0,,0.275504132231405,0.3340006990144613,1.1671083184368771,5.5100826446281,0.0,220
glucose,1,concentration_median,Mean baseline,5.5100826446281,6.6800139802892256,0.0,,0.275504132231405,0.3340006990144613,1.1671083184368771,5.5100826446281,0.0,11
glucose,2,patch,Mean baseline,5.510082644628099,6.6800139802892256,0.0,,0.2755041322314049,0.3340006990144613,1.1671083184368771,5.510082644628099,0.0,209
glucose,2,concentration_median,Mean baseline,5.510082644628099,6.6800139802892256,0.0,,0.2755041322314049,0.3340006990144613,1.1671083184368771,5.510082644628099,0.0,11
glucose,3,patch,Mean baseline,5.510082644628099,6.6800139802892256,0.0,,0.2755041322314049,0.3340006990144613,1.1671083184368771,5.510082644628099,0.0,209
glucose,3,concentration_median,Mean baseline,5.510082644628099,6.6800139802892256,0.0,,0.2755041322314049,0.3340006990144613,1.1671083184368771,5.510082644628099,0.0,11
glucose,4,patch,Mean baseline,5.510082644628099,6.6800139802892256,0.0,,0.2755041322314049,0.3340006990144613,1.1671083184368771,5.510082644628099,0.0,209
glucose,4,concentration_median,Mean baseline,5.510082644628099,6.6800139802892256,0.0,,0.2755041322314049,0.3340006990144613,1.1671083184368771,5.510082644628099,0.0,11
glucose,5,patch,Mean baseline,5.510082644628099,6.6800139802892256,0.0,,0.2755041322314049,0.3340006990144613,1.1671083184368771,5.510082644628099,0.0,209
glucose,5,concentration_median,Mean baseline,5.510082644628099,6.6800139802892256,0.0,,0.2755041322314049,0.3340006990144613,1.1671083184368771,5.510082644628099,0.0,11
ketone,1,patch,Mean baseline,2.70875,3.383196528432837,0.0,,0.270875,0.3383196528432837,0.9299944503446048,2.70875,0.0,160
ketone,1,concentration_median,Mean baseline,2.70875,3.383196528432837,0.0,,0.270875,0.3383196528432837,0.929994450344605,2.70875,0.0,8
ketone,2,patch,Mean baseline,2.70875,3.383196528432837,1.1102230246251563e-16,,0.270875,0.3383196528432837,0.9299944503446052,2.70875,0.0,152
ketone,2,concentration_median,Mean baseline,2.70875,3.383196528432837,0.0,,0.270875,0.3383196528432837,0.9299944503446052,2.70875,0.0,8
ketone,3,patch,Mean baseline,2.70875,3.383196528432837,1.1102230246251563e-16,,0.270875,0.3383196528432837,0.9299944503446052,2.70875,0.0,152
ketone,3,concentration_median,Mean baseline,2.70875,3.383196528432837,0.0,,0.270875,0.3383196528432837,0.9299944503446052,2.70875,0.0,8
ketone,4,patch,Mean baseline,2.70875,3.383196528432837,1.1102230246251563e-16,,0.270875,0.3383196528432837,0.9299944503446052,2.70875,0.0,152
ketone,4,concentration_median,Mean baseline,2.70875,3.383196528432837,0.0,,0.270875,0.3383196528432837,0.9299944503446052,2.70875,0.0,8
ketone,5,patch,Mean baseline,2.70875,3.383196528432837,1.1102230246251563e-16,,0.270875,0.3383196528432837,0.9299944503446052,2.70875,0.0,152
ketone,5,concentration_median,Mean baseline,2.70875,3.383196528432837,0.0,,0.270875,0.3383196528432837,0.9299944503446052,2.70875,0.0,8
glucose,1,patch,Background only,4.214713147423688,6.639655869010006,0.0120467403799023,0.3435941401540266,0.2107356573711844,0.3319827934505003,0.8333675645367299,4.214713147423688,0.0,220
glucose,1,concentration_median,Background only,3.5554687308556083,5.900218889063229,0.2198439074600729,0.7181818181818183,0.1777734365427804,0.2950109444531614,0.6254148454929997,3.5554687308556083,0.0,11
glucose,2,patch,Background only,3.8649829840981496,6.291189877938511,0.1130260942021186,0.4697542742999259,0.1932491492049075,0.3145594938969255,0.756179321765444,3.8649829840981496,0.0,209
glucose,2,concentration_median,Background only,3.1587639170087827,5.168113160384586,0.4014378016204257,0.8272727272727273,0.1579381958504391,0.2584056580192292,0.5485983013365017,3.1587639170087827,0.0,11
glucose,3,patch,Background only,4.271870990538944,6.67137454521121,0.0025849791036152,0.3949180523336015,0.2135935495269472,0.3335687272605604,0.8365864086391789,4.271870990538944,0.0,209
glucose,3,concentration_median,Background only,4.232715930980729,6.6473783769011305,0.0097472496012345,0.5818181818181819,0.2116357965490364,0.3323689188450565,0.7954459025720543,4.232715930980729,0.0,11
glucose,4,patch,Background only,4.496016703263566,7.252717819231367,-0.1788181628384357,0.3489848292754234,0.2248008351631782,0.3626358909615683,0.8348421591894308,4.496016703263566,0.0,209
glucose,4,concentration_median,Background only,3.193583205858721,5.991814257148001,0.1954335083330463,0.7762638004612792,0.159679160292936,0.2995907128574001,0.5819464621319524,3.193583205858721,0.0,11
glucose,5,patch,Background only,3.823758109373593,6.23813890288096,0.1279219834064575,0.4265937496045953,0.1911879054686796,0.311906945144048,0.7673684034124404,3.823758109373593,0.0,209
glucose,5,concentration_median,Background only,3.147724957315857,5.199410558123948,0.3941662260165051,0.9293873770595388,0.1573862478657928,0.2599705279061974,0.5401176679291377,3.147724957315857,0.0,11
ketone,1,patch,Background only,0.9476162942198708,2.0342231617758384,0.6384713355545317,0.9181428770008824,0.0947616294219871,0.2034223161775838,0.2165826252138862,0.947616294219872,0.01875,160
ketone,1,concentration_median,Background only,0.6557827677890051,1.4355410997609694,0.8199567645210319,1.0,0.0655782767789005,0.1435541099760969,0.1275495724671701,0.6557827677890051,0.0,8
ketone,2,patch,Background only,0.8805220139121641,1.842322957861028,0.7034642389466813,0.9185679562164883,0.0880522013912164,0.1842322957861027,0.2148696150582643,0.8805220139121643,0.006578947368421,152
ketone,2,concentration_median,Background only,0.7883877599716913,1.7168472675913025,0.7424812413280626,0.9940297973880048,0.0788387759971691,0.1716847267591302,0.171854288262221,0.7883877599716913,0.0,8
ketone,3,patch,Background only,0.8225909356725146,1.6761015418184035,0.7545595162959148,0.914948635598486,0.0822590935672514,0.1676101541818403,0.2152679784419786,0.8225909356725146,0.0,152
ketone,3,concentration_median,Background only,0.3400083333333333,0.5649194895931827,0.9721183376776992,0.9940297973880048,0.0340008333333333,0.0564919489593182,0.1029496725547423,0.3400083333333333,0.0,8
ketone,4,patch,Background only,0.864692207602339,1.6849305317587024,0.7519669538499871,0.8704753019088485,0.0864692207602339,0.1684930531758702,0.2489446982215182,0.864692207602339,0.0,152
ketone,4,concentration_median,Background only,0.417925,0.6992883743889609,0.9572773519564995,0.9700772721497396,0.0417924999999999,0.069928837438896,0.1172563821179996,0.417925,0.0,8
ketone,5,patch,Background only,0.8480443713450294,1.597215994021287,0.7771191025213542,0.9042618449263083,0.0848044371345029,0.1597215994021287,0.2336841393800359,0.8480443713450294,0.0,152
ketone,5,concentration_median,Background only,0.4396083333333337,0.7634602787455436,0.9490764771617884,0.9761904761904764,0.0439608333333333,0.0763460278745543,0.138430927976475,0.4396083333333337,0.0,8
glucose,1,patch,Nested-selected ML,0.3476339393939394,0.877342201806517,0.9827502304400274,0.9245701376857324,0.0173816969696969,0.0438671100903258,0.0822850186008427,0.3476339393939394,0.0,220
glucose,1,concentration_median,Nested-selected ML,0.1237999999999998,0.210983513645742,0.9990024324844076,0.9454545454545454,0.0061899999999999,0.0105491756822871,0.0489205992666712,0.1237999999999998,0.0,11
glucose,2,patch,Nested-selected ML,0.3855955342902711,1.0318119128494976,0.9761413243740894,0.9026158873627342,0.0192797767145135,0.0515905956424748,0.0872686441913462,0.3855955342902711,0.0,209
glucose,2,concentration_median,Nested-selected ML,0.1291939393939394,0.2394236927425199,0.9987153657197616,0.9454545454545454,0.0064596969696969,0.0119711846371259,0.0499544315786379,0.1291939393939394,0.0,11
glucose,3,patch,Nested-selected ML,0.4092119592074137,1.0326961427737005,0.9761004146032,0.913387856704986,0.0204605979603706,0.051634807138685,0.0856008012176024,0.4092119592074137,0.0,209
glucose,3,concentration_median,Nested-selected ML,0.1133690885153466,0.1924976049496043,0.999169583599072,0.9454545454545454,0.0056684544257673,0.0096248802474802,0.0508626012018355,0.1133690885153466,0.0,11
glucose,4,patch,Nested-selected ML,0.3141457735247209,0.772592441924232,0.9866233868443506,0.9159289848892376,0.015707288676236,0.0386296220962116,0.0790490973880357,0.3141457735247209,0.0,209
glucose,4,concentration_median,Nested-selected ML,0.1113575757575758,0.1899177855086913,0.9991916926413772,0.9454545454545454,0.0055678787878787,0.0094958892754345,0.0571495833696058,0.1113575757575758,0.0,11
glucose,5,patch,Nested-selected ML,0.2974874003189793,0.846283075181496,0.983949943401532,0.9181755984599048,0.0148743700159489,0.0423141537590748,0.0749502824737178,0.2974874003189793,0.0,209
glucose,5,concentration_median,Nested-selected ML,0.0940787878787879,0.1769521044597302,0.9992982915260088,0.9454545454545454,0.0047039393939393,0.0088476052229865,0.041330269643629,0.0940787878787879,0.0,11
ketone,1,patch,Nested-selected ML,0.0347870833333333,0.2206310002016942,0.9957471642050212,0.9741872946735114,0.0034787083333333,0.0220631000201694,0.0154665971965775,0.0347870833333333,0.0,160
ketone,1,concentration_median,Nested-selected ML,0.0025708333333333,0.0044474243482417,0.9999982719246084,1.0,0.0002570833333333,0.0004447424348241,0.0024309908343284,0.0025708333333333,0.0,8
ketone,2,patch,Nested-selected ML,0.0121460526315789,0.0442749513358227,0.9998287377158288,0.9746011552924488,0.0012146052631578,0.0044274951335822,0.0093154460320449,0.0121460526315789,0.0,152
ketone,2,concentration_median,Nested-selected ML,0.001375,0.0029267919487232,0.9999992516078036,1.0,0.0001375,0.0002926791948723,0.0012803095232356,0.001375,0.0,8
ketone,3,patch,Nested-selected ML,0.0649662280701754,0.4095923659299208,0.9853428593913434,0.969649033821668,0.0064966228070175,0.040959236592992,0.0202839084996055,0.0649662280701754,0.0,152
ketone,3,concentration_median,Nested-selected ML,0.0025333333333333,0.004412482294582,0.9999982989718588,1.0,0.0002533333333333,0.0004412482294582,0.0023807226090184,0.0025333333333333,0.0,8
ketone,4,patch,Nested-selected ML,0.0459535087719298,0.3402342115564663,0.9898864992936124,0.9757074062037752,0.0045953508771929,0.0340234211556466,0.0178391799311785,0.0459535087719298,0.0,152
ketone,4,concentration_median,Nested-selected ML,0.00145,0.0031813693767167,0.9999991157527056,1.0,0.000145,0.0003181369376716,0.0014213557843618,0.00145,0.0,8
ketone,5,patch,Nested-selected ML,0.0459925438596491,0.4076946512823175,0.985478363061024,0.9781900367519992,0.0045992543859649,0.0407694651282317,0.0136910753484268,0.0459925438596491,0.0,152
ketone,5,concentration_median,Nested-selected ML,0.0023833333333333,0.0038828683555674,0.9999986828025538,1.0,0.0002383333333333,0.0003882868355567,0.0022786859792956,0.0023833333333333,0.0,8
glucose,1,patch,CNN central ROI,0.4633782444999741,0.8813508289378269,0.982592239944453,0.9089451432881532,0.0231689122249987,0.0440675414468913,0.1139539742196331,0.5066281161283985,0.2,220
glucose,1,concentration_median,CNN central ROI,0.2111874591494388,0.2756669322695834,0.9982970001733218,0.9066082746806284,0.0105593729574719,0.0137833466134791,0.0791303145495293,0.2275720286201321,0.1818181818181818,11
glucose,2,patch,CNN central ROI,0.4945220102007491,1.0146975769638826,0.9769262329446504,0.9187899694143732,0.0247261005100374,0.0507348788481941,0.1041211573902821,0.5241634167253733,0.138755980861244,209
glucose,2,concentration_median,CNN central ROI,0.2802317685051305,0.421079583740093,0.9960264962511164,0.9454545454545454,0.0140115884252565,0.0210539791870046,0.0709550993003901,0.2858330188999029,0.0909090909090909,11
glucose,3,patch,CNN central ROI,0.4993141226581833,1.0108301248359757,0.9771017859994214,0.9130290336469944,0.0249657061329091,0.0505415062417987,0.1041333233765127,0.5296059803632434,0.1674641148325359,209
glucose,3,concentration_median,CNN central ROI,0.2530041903687681,0.3682565502663727,0.9969608914092714,0.9430548384868848,0.0126502095184384,0.0184128275133186,0.0712139953685126,0.2638744086566423,0.1818181818181818,11
glucose,4,patch,CNN central ROI,0.4656852035956594,0.852548312991302,0.9837114188467164,0.9243476509296292,0.0232842601797829,0.0426274156495651,0.1057698961749823,0.5252625815477626,0.062200956937799,209
glucose,4,concentration_median,CNN central ROI,0.2281780278371518,0.3361243426020885,0.9974681079280622,0.9363636363636364,0.0114089013918575,0.0168062171301044,0.0788971843025454,0.2459045280259979,0.0909090909090909,11
glucose,5,patch,CNN central ROI,0.4153131528752722,0.7987609276899396,0.9857018818116802,0.9106797240955804,0.0207656576437636,0.0399380463844969,0.1030936225470596,0.4593680688640043,0.1291866028708134,209
glucose,5,concentration_median,CNN central ROI,0.1775650644467146,0.2478427533816541,0.9986234318796674,0.9454545454545454,0.0088782532223357,0.0123921376690827,0.0682413254186919,0.1786478881567309,0.0909090909090909,11
ketone,1,patch,CNN central ROI,0.1546049726392335,0.317254862773192,0.9912064928293748,0.9448863621494844,0.0154604972639233,0.0317254862773192,0.0526731444387696,0.1783372147774401,0.15,160
ketone,1,concentration_median,CNN central ROI,0.0338244300201547,0.043492708178311,0.999834735928186,1.0,0.0033824430020154,0.0043492708178311,0.015324550528497,0.032536277597568,0.25,8
ketone,2,patch,CNN central ROI,0.1365990546374583,0.3248731809082839,0.9907791009276944,0.9619752224624648,0.0136599054637458,0.0324873180908283,0.0373252365032607,0.1608694340108201,0.0526315789473684,152
ketone,2,concentration_median,CNN central ROI,0.0605471810007841,0.0924737353095571,0.999252893787012,1.0,0.0060547181000784,0.0092473735309557,0.0179482872762209,0.0605471810007841,0.0,8
ketone,3,patch,CNN central ROI,0.1822410853183912,0.4585846152179664,0.9816268124395122,0.9361051291505864,0.0182241085318391,0.0458584615217966,0.0567655475390635,0.2934759659298049,0.3618421052631579,152
ketone,3,concentration_median,CNN central ROI,0.0395061742061988,0.0635482586970782,0.9996471802753748,0.9940297973880048,0.0039506174206198,0.0063548258697078,0.0258197078575455,0.1503486658318901,0.375,8
ketone,4,patch,CNN central ROI,0.1333965623949279,0.3172755971557124,0.991205343381906,0.9609376338863304,0.0133396562394927,0.0317275597155712,0.0552602129723959,0.1996827417111627,0.1842105263157894,152
ketone,4,concentration_median,CNN central ROI,0.0447430000829325,0.0579172540743709,0.9997069366744208,1.0,0.0044743000082932,0.005791725407437,0.0269905209684705,0.0905891789261566,0.125,8
ketone,5,patch,CNN central ROI,0.1150642608857163,0.22793381586255,0.9954609698316575,0.9586486236936576,0.0115064260885716,0.022793381586255,0.0449202861303068,0.1320053101682924,0.1184210526315789,152
ketone,5,concentration_median,CNN central ROI,0.0345541481030087,0.0412188028185371,0.9998515650076326,1.0,0.0034554148103008,0.0041218802818537,0.0227425071642244,0.0447676216769475,0.125,8
glucose,1,patch,CNN full patch,0.4375551488748678,0.784893667696777,0.9861940305551722,0.9092114348151116,0.0218777574437433,0.0392446833848388,0.1067178714441926,0.4918938950326689,0.209090909090909,220
glucose,1,concentration_median,CNN full patch,0.1896792331450285,0.2664327634930494,0.998409181928033,0.926644502314687,0.0094839616572514,0.0133216381746524,0.0759108723153425,0.2026487772664939,0.2727272727272727,11
glucose,2,patch,CNN full patch,0.4170315527244755,0.9089740660513956,0.9814839543730244,0.951318930535395,0.0208515776362237,0.0454487033025697,0.0776370292946986,0.4863844554498648,0.1148325358851674,209
glucose,2,concentration_median,CNN full patch,0.2233418190497219,0.4400075467355775,0.9956612411971448,0.9727272727272728,0.011167090952486,0.0220003773367788,0.0480370977494252,0.2241419224696546,0.0909090909090909,11
glucose,3,patch,CNN full patch,0.3484043161266605,0.696227449370477,0.9891370560007898,0.9373737095600962,0.017420215806333,0.0348113724685238,0.0791197595315481,0.3834962099404402,0.0765550239234449,209
glucose,3,concentration_median,CNN full patch,0.2062575444961082,0.350612492861838,0.9972451368459316,0.9454545454545454,0.0103128772248054,0.0175306246430919,0.0490256456891015,0.2062575444961082,0.0,11
glucose,4,patch,CNN full patch,0.4044581136588029,0.7348554077968168,0.9878982257781552,0.916041912358791,0.0202229056829401,0.0367427703898408,0.1026183978816324,0.4388015689606145,0.138755980861244,209
glucose,4,concentration_median,CNN full patch,0.1524039179289037,0.2249391885604525,0.998866098041262,0.9454545454545454,0.0076201958964451,0.0112469594280226,0.0575725967894992,0.1544792093854679,0.0909090909090909,11
glucose,5,patch,CNN full patch,0.4309318192788751,0.7431513323129378,0.9876234449275608,0.905636631110218,0.0215465909639437,0.0371575666156468,0.1159771785733338,0.4968184252696075,0.1291866028708134,209
glucose,5,concentration_median,CNN full patch,0.2091470740981966,0.3651585098355458,0.9970118106784776,0.9454545454545454,0.0104573537049098,0.0182579254917772,0.0689770066649782,0.2091470740981966,0.0,11
ketone,1,patch,CNN full patch,0.1473450820263949,0.3235743341638443,0.9908526840627816,0.948978518118975,0.0147345082026394,0.0323574334163844,0.0453127274121625,0.1977963433603326,0.23125,160
ketone,1,concentration_median,CNN full patch,0.0298604667023636,0.0400974981543105,0.999859531126643,0.9940297973880048,0.0029860466702363,0.004009749815431,0.0181874943967976,0.0385711187280488,0.375,8
ketone,2,patch,CNN full patch,0.1294355553775067,0.2205467307204134,0.995750412305461,0.9424142227099842,0.0129435555377506,0.0220546730720413,0.0601605903694845,0.2261705828008538,0.2894736842105263,152
ketone,2,concentration_median,CNN full patch,0.0373161707799747,0.061710231353897,0.9996672945644308,0.9940297973880048,0.0037316170779974,0.0061710231353897,0.0226236215348098,0.1354992952824434,0.375,8
ketone,3,patch,CNN full patch,0.1720831867083364,0.3967012314516091,0.9862509514904276,0.9573707135450088,0.0172083186708336,0.0396701231451609,0.046187418598825,0.2109287668918183,0.2763157894736842,152
ketone,3,concentration_median,CNN full patch,0.035261169667793,0.0486251357718121,0.9997934300230964,0.9940297973880048,0.0035261169667793,0.0048625135771812,0.0183005579703038,0.0431285319840515,0.25,8
ketone,4,patch,CNN full patch,0.1483707368551577,0.3387383385804744,0.9899752337882324,0.9690801617088726,0.0148370736855157,0.0338738338580474,0.0490342998580369,0.35522921755838,0.2105263157894736,152
ketone,4,concentration_median,CNN full patch,0.0855378391936835,0.1987826850369159,0.9965477467114506,1.0,0.0085537839193683,0.0198782685036915,0.0246876471438789,0.238810358696083,0.25,8
ketone,5,patch,CNN full patch,0.1381585702234321,0.3090334103562307,0.9916563435022852,0.9678085386610356,0.0138158570223432,0.030903341035623,0.0399229788718412,0.1831236491226786,0.1578947368421052,152
ketone,5,concentration_median,CNN full patch,0.0625449200398759,0.106984219147538,0.9990000345625322,1.0,0.0062544920039875,0.0106984219147538,0.0244500566725843,0.0625449200398759,0.0,8
