mae,rmse,r2,spearman_rho,normalized_mae,normalized_rmse,mean_absolute_log1p_error,unclipped_mae,clipped_fraction,analyte,input_mode,model,outer_fold,target_transform,best_epoch,epochs_run,training_seconds,inference_seconds,inference_ms_per_patch,parameter_count,model_size_bytes,validation_mae,evaluation_unit,n_observations
0.4633782444999741,0.8813508289378269,0.982592239944453,0.9089451432881533,0.023168912224998707,0.044067541446891345,0.11395397421963319,0.5066281161283985,0.2,glucose,roi_masked,TinyColorCNN,1,raw,85,103,20.437781300002825,0.026519599996390752,0.1205436363472307,169049,687811,0.44481180561802847,patch,220
0.21118745914943887,0.27566693226958344,0.9982970001733218,0.9066082746806284,0.010559372957471943,0.013783346613479172,0.07913031454952937,0.2275720286201321,0.18181818181818182,glucose,roi_masked,TinyColorCNN,1,raw,85,103,20.437781300002825,0.026519599996390752,0.1205436363472307,169049,687811,0.44481180561802847,concentration_median,11
0.4375551488748678,0.784893667696777,0.9861940305551722,0.9092114348151115,0.02187775744374339,0.03924468338483885,0.10671787144419262,0.4918938950326689,0.20909090909090908,glucose,full_patch,TinyColorCNN,1,raw,59,77,16.563347300005262,0.0186249999969732,0.08465909089533273,169049,687811,0.4023239947267582,patch,220
0.18967923314502858,0.2664327634930494,0.998409181928033,0.926644502314687,0.00948396165725143,0.01332163817465247,0.07591087231534256,0.20264877726649394,0.2727272727272727,glucose,full_patch,TinyColorCNN,1,raw,59,77,16.563347300005262,0.0186249999969732,0.08465909089533273,169049,687811,0.4023239947267582,concentration_median,11
0.4945220102007491,1.0146975769638826,0.9769262329446505,0.9187899694143732,0.024726100510037454,0.05073487884819413,0.10412115739028215,0.5241634167253733,0.13875598086124402,glucose,roi_masked,TinyColorCNN,2,raw,71,89,19.617793400000664,0.02390949999971781,0.11439952152975029,169049,687811,0.4330124456064357,patch,209
0.28023176850513054,0.421079583740093,0.9960264962511165,0.9454545454545454,0.014011588425256526,0.021053979187004652,0.07095509930039018,0.2858330188999029,0.09090909090909091,glucose,roi_masked,TinyColorCNN,2,raw,71,89,19.617793400000664,0.02390949999971781,0.11439952152975029,169049,687811,0.4330124456064357,concentration_median,11
0.4170315527244755,0.9089740660513957,0.9814839543730245,0.951318930535395,0.020851577636223775,0.04544870330256979,0.07763702929469868,0.4863844554498648,0.11483253588516747,glucose,full_patch,TinyColorCNN,2,log1p,67,85,18.31277560000308,0.020232900002156384,0.09680813398160949,169049,687811,0.4258916923243474,patch,209
0.22334181904972195,0.4400075467355775,0.9956612411971449,0.9727272727272729,0.011167090952486098,0.022000377336778877,0.04803709774942521,0.22414192246965464,0.09090909090909091,glucose,full_patch,TinyColorCNN,2,log1p,67,85,18.31277560000308,0.020232900002156384,0.09680813398160949,169049,687811,0.4258916923243474,concentration_median,11
0.49931412265818337,1.0108301248359757,0.9771017859994214,0.9130290336469943,0.024965706132909167,0.05054150624179878,0.1041333233765127,0.5296059803632434,0.1674641148325359,glucose,roi_masked,TinyColorCNN,3,raw,58,76,16.64579730000696,0.019031399991945364,0.09105933010500174,169049,687811,0.4634375172536834,patch,209
0.25300419036876814,0.3682565502663727,0.9969608914092714,0.9430548384868849,0.012650209518438408,0.018412827513318637,0.07121399536851261,0.2638744086566423,0.18181818181818182,glucose,roi_masked,TinyColorCNN,3,raw,58,76,16.64579730000696,0.019031399991945364,0.09105933010500174,169049,687811,0.4634375172536834,concentration_median,11
0.34840431612666056,0.696227449370477,0.9891370560007898,0.9373737095600962,0.017420215806333027,0.03481137246852385,0.07911975953154812,0.38349620994044026,0.07655502392344497,glucose,full_patch,TinyColorCNN,3,log1p,114,120,25.42804110000725,0.019293500008643605,0.09231339717054356,169049,687811,0.35916278942195645,patch,209
0.20625754449610822,0.35061249286183804,0.9972451368459315,0.9454545454545454,0.010312877224805412,0.0175306246430919,0.04902564568910151,0.20625754449610822,0.0,glucose,full_patch,TinyColorCNN,3,log1p,114,120,25.42804110000725,0.019293500008643605,0.09231339717054356,169049,687811,0.35916278942195645,concentration_median,11
0.4656852035956594,0.852548312991302,0.9837114188467164,0.9243476509296293,0.02328426017978297,0.0426274156495651,0.10576989617498236,0.5252625815477626,0.06220095693779904,glucose,roi_masked,TinyColorCNN,4,log1p,53,71,15.096739299988258,0.01881189999403432,0.09000909088054698,169049,687811,0.45605380521180633,patch,209
0.22817802783715183,0.3361243426020885,0.9974681079280622,0.9363636363636365,0.01140890139185759,0.016806217130104426,0.07889718430254546,0.24590452802599796,0.09090909090909091,glucose,roi_masked,TinyColorCNN,4,log1p,53,71,15.096739299988258,0.01881189999403432,0.09000909088054698,169049,687811,0.45605380521180633,concentration_median,11
0.4044581136588029,0.7348554077968168,0.9878982257781553,0.916041912358791,0.020222905682940145,0.03674277038984084,0.10261839788163243,0.4388015689606145,0.13875598086124402,glucose,full_patch,TinyColorCNN,4,raw,97,115,26.82891739999468,0.020797000004677102,0.0995071770558713,169049,687811,0.4004783291057629,patch,209
0.1524039179289037,0.2249391885604525,0.998866098041262,0.9454545454545454,0.007620195896445185,0.011246959428022625,0.05757259678949923,0.15447920938546797,0.09090909090909091,glucose,full_patch,TinyColorCNN,4,raw,97,115,26.82891739999468,0.020797000004677102,0.0995071770558713,169049,687811,0.4004783291057629,concentration_median,11
0.4153131528752722,0.7987609276899396,0.9857018818116802,0.9106797240955805,0.02076565764376361,0.03993804638449698,0.10309362254705964,0.45936806886400433,0.1291866028708134,glucose,roi_masked,TinyColorCNN,5,raw,63,81,18.9097308999917,0.02257280000776518,0.10800382778835015,169049,687811,0.5109793571565706,patch,209
0.1775650644467146,0.2478427533816541,0.9986234318796674,0.9454545454545454,0.00887825322233573,0.012392137669082705,0.06824132541869196,0.17864788815673094,0.09090909090909091,glucose,roi_masked,TinyColorCNN,5,raw,63,81,18.9097308999917,0.02257280000776518,0.10800382778835015,169049,687811,0.5109793571565706,concentration_median,11
0.4309318192788751,0.7431513323129378,0.9876234449275609,0.905636631110218,0.021546590963943756,0.03715756661564689,0.11597717857333388,0.4968184252696075,0.1291866028708134,glucose,full_patch,TinyColorCNN,5,raw,73,91,19.63241970000672,0.019840599998133257,0.09493110046953712,169049,687811,0.46515239203461145,patch,209
0.20914707409819666,0.3651585098355458,0.9970118106784777,0.9454545454545454,0.010457353704909833,0.01825792549177729,0.06897700666497829,0.20914707409819666,0.0,glucose,full_patch,TinyColorCNN,5,raw,73,91,19.63241970000672,0.019840599998133257,0.09493110046953712,169049,687811,0.46515239203461145,concentration_median,11
0.15460497263923353,0.317254862773192,0.9912064928293747,0.9448863621494843,0.015460497263923354,0.0317254862773192,0.0526731444387696,0.17833721477744013,0.15,ketone,roi_masked,TinyColorCNN,1,raw,73,91,15.389660500004538,0.01659240000299178,0.10370250001869863,169049,687778,0.11633691526983017,patch,160
0.033824430020154755,0.04349270817831102,0.9998347359281861,1.0,0.0033824430020154756,0.004349270817831102,0.01532455052849701,0.03253627759756805,0.25,ketone,roi_masked,TinyColorCNN,1,raw,73,91,15.389660500004538,0.01659240000299178,0.10370250001869863,169049,687778,0.11633691526983017,concentration_median,8
0.14734508202639493,0.3235743341638443,0.9908526840627816,0.948978518118975,0.014734508202639492,0.03235743341638443,0.04531272741216258,0.19779634336033264,0.23125,ketone,full_patch,TinyColorCNN,1,log1p,45,63,10.709819100011373,0.014328300007036887,0.08955187504398054,169049,687778,0.12027996319225372,patch,160
0.029860466702363683,0.0400974981543105,0.999859531126643,0.9940297973880048,0.002986046670236368,0.00400974981543105,0.018187494396797663,0.038571118728048845,0.375,ketone,full_patch,TinyColorCNN,1,log1p,45,63,10.709819100011373,0.014328300007036887,0.08955187504398054,169049,687778,0.12027996319225372,concentration_median,8
0.13659905463745833,0.3248731809082839,0.9907791009276945,0.9619752224624648,0.013659905463745833,0.03248731809082839,0.03732523650326078,0.1608694340108201,0.05263157894736842,ketone,roi_masked,TinyColorCNN,2,log1p,52,70,11.824304299996584,0.02278949999890756,0.14993092104544448,169049,687778,0.16319322416972248,patch,152
0.0605471810007841,0.09247373530955715,0.999252893787012,1.0,0.00605471810007841,0.009247373530955715,0.017948287276220935,0.0605471810007841,0.0,ketone,roi_masked,TinyColorCNN,2,log1p,52,70,11.824304299996584,0.02278949999890756,0.14993092104544448,169049,687778,0.16319322416972248,concentration_median,8
0.12943555537750678,0.22054673072041342,0.995750412305461,0.9424142227099842,0.012943555537750678,0.022054673072041342,0.06016059036948459,0.22617058280085384,0.2894736842105263,ketone,full_patch,TinyColorCNN,2,raw,56,74,12.715140800006338,0.015749100013636053,0.10361250008971087,169049,687778,0.13269319994373308,patch,152
0.03731617077997475,0.061710231353897055,0.9996672945644308,0.9940297973880048,0.003731617077997475,0.006171023135389706,0.022623621534809846,0.13549929528244342,0.375,ketone,full_patch,TinyColorCNN,2,raw,56,74,12.715140800006338,0.015749100013636053,0.10361250008971087,169049,687778,0.13269319994373308,concentration_median,8
0.18224108531839125,0.4585846152179664,0.9816268124395122,0.9361051291505864,0.018224108531839124,0.04585846152179664,0.056765547539063516,0.29347596592980496,0.3618421052631579,ketone,roi_masked,TinyColorCNN,3,log1p,12,30,5.151187199997366,0.015262400003848597,0.1004105263411092,169049,687778,0.10723855911845195,patch,152
0.039506174206198834,0.0635482586970782,0.9996471802753747,0.9940297973880048,0.0039506174206198836,0.006354825869707819,0.025819707857545598,0.15034866583189016,0.375,ketone,roi_masked,TinyColorCNN,3,log1p,12,30,5.151187199997366,0.015262400003848597,0.1004105263411092,169049,687778,0.10723855911845195,concentration_median,8
0.1720831867083364,0.3967012314516091,0.9862509514904277,0.9573707135450089,0.01720831867083364,0.03967012314516091,0.04618741859882507,0.21092876689181836,0.27631578947368424,ketone,full_patch,TinyColorCNN,3,log1p,34,52,9.004318200008129,0.014537099996232428,0.09563881576468702,169049,687778,0.129891350121617,patch,152
0.035261169667793045,0.048625135771812135,0.9997934300230963,0.9940297973880048,0.0035261169667793043,0.004862513577181213,0.018300557970303884,0.0431285319840515,0.25,ketone,full_patch,TinyColorCNN,3,log1p,34,52,9.004318200008129,0.014537099996232428,0.09563881576468702,169049,687778,0.129891350121617,concentration_median,8
0.13339656239492798,0.3172755971557124,0.9912053433819061,0.9609376338863305,0.013339656239492797,0.031727559715571244,0.05526021297239597,0.19968274171116276,0.18421052631578946,ketone,roi_masked,TinyColorCNN,4,raw,85,103,18.328934100005426,0.015445500001078472,0.10161513158604257,169049,687778,0.14490883008973138,patch,152
0.04474300008293257,0.05791725407437093,0.9997069366744209,1.0,0.004474300008293257,0.005791725407437093,0.026990520968470537,0.09058917892615663,0.125,ketone,roi_masked,TinyColorCNN,4,raw,85,103,18.328934100005426,0.015445500001078472,0.10161513158604257,169049,687778,0.14490883008973138,concentration_median,8
0.14837073685515778,0.3387383385804744,0.9899752337882323,0.9690801617088726,0.014837073685515779,0.033873833858047445,0.04903429985803696,0.35522921755838005,0.21052631578947367,ketone,full_patch,TinyColorCNN,4,log1p,32,50,8.505705399991712,0.016264999998384155,0.10700657893673786,169049,687778,0.13014671503792596,patch,152
0.08553783919368356,0.19878268503691596,0.9965477467114506,1.0,0.008553783919368356,0.019878268503691596,0.024687647143878937,0.23881035869608302,0.25,ketone,full_patch,TinyColorCNN,4,log1p,32,50,8.505705399991712,0.016264999998384155,0.10700657893673786,169049,687778,0.13014671503792596,concentration_median,8
0.11506426088571635,0.22793381586255002,0.9954609698316575,0.9586486236936577,0.011506426088571635,0.022793381586255,0.04492028613030681,0.13200531016829248,0.11842105263157894,ketone,roi_masked,TinyColorCNN,5,raw,118,120,20.607385999988765,0.01405240000167396,0.09245000001101289,169049,687778,0.11747901610165563,patch,152
0.03455414810300876,0.041218802818537195,0.9998515650076326,1.0,0.0034554148103008763,0.00412188028185372,0.022742507164224483,0.04476762167694752,0.125,ketone,roi_masked,TinyColorCNN,5,raw,118,120,20.607385999988765,0.01405240000167396,0.09245000001101289,169049,687778,0.11747901610165563,concentration_median,8
0.1381585702234321,0.3090334103562307,0.9916563435022853,0.9678085386610356,0.013815857022343208,0.03090334103562307,0.03992297887184121,0.18312364912267864,0.15789473684210525,ketone,full_patch,TinyColorCNN,5,log1p,50,68,11.695451600011438,0.013903700004448183,0.09147171055558015,169049,687778,0.13789598078256815,patch,152
0.06254492003987595,0.10698421914753806,0.9990000345625322,1.0,0.006254492003987595,0.010698421914753805,0.02445005667258437,0.06254492003987595,0.0,ketone,full_patch,TinyColorCNN,5,log1p,50,68,11.695451600011438,0.013903700004448183,0.09147171055558015,169049,687778,0.13789598078256815,concentration_median,8
