analyte,feature_space,model,target_transform,outer_fold,feature_group,mean_absolute_shap,shap_share,permutation_mae_increase,permutation_mae_increase_std,permutation_share,shap_direction_rho,observed_concentration_rho,direction_aligned,shap_additivity_max_error
glucose,RGB_primary,ExtraTrees,raw,1,R,0.8254648986904138,0.13043672047277952,1.3927895033670032,0.08693107940131181,0.14145964354809368,0.8898384396809438,0.7818181818181819,True,2.7533531010703882e-12
glucose,RGB_primary,ExtraTrees,raw,1,G,4.053480047441427,0.6405149931013615,5.682204324915825,0.3602562455009842,0.5771170707611408,0.9610657707832977,0.9,True,2.7533531010703882e-12
glucose,RGB_primary,ExtraTrees,raw,1,B,1.449525255345495,0.2290482864258591,2.7708496111111107,0.19235626303763864,0.28142328569076563,-0.6834934791406718,0.31266433311275804,False,2.7533531010703882e-12
glucose,RGB_primary,ExtraTrees,raw,2,R,0.7235276722459599,0.11543558916570136,1.1968420804536597,0.08999453945850129,0.12322617499036606,0.8094683742401672,0.7818181818181819,True,1.0622613899613498e-12
glucose,RGB_primary,ExtraTrees,raw,2,G,4.138255320383138,0.6602400424349398,5.841991827042353,0.250588884004658,0.6014881319167341,0.9641603281909342,0.9,True,1.0622613899613498e-12
glucose,RGB_primary,ExtraTrees,raw,2,B,1.406021221610033,0.2243243683993589,2.673729844054581,0.1510837008373083,0.2752856930928999,-0.6551964240895627,0.31266433311275804,False,1.0622613899613498e-12
glucose,RGB_primary,ExtraTrees,raw,3,R,0.7733268778067052,0.12454723696391905,1.2496893974836079,0.06297423539762957,0.13403383327918647,0.874752801423376,0.7818181818181819,True,9.130474154517287e-13
glucose,RGB_primary,ExtraTrees,raw,3,G,4.212013635200932,0.678360826933203,5.747024515328727,0.3739568500805047,0.6163897423552175,0.9669220291031013,0.9,True,9.130474154517287e-13
glucose,RGB_primary,ExtraTrees,raw,3,B,1.2237645354707614,0.19709193610287795,2.326972255892256,0.1763496737794846,0.24957642436559613,-0.6050138766675063,0.31266433311275804,False,9.130474154517287e-13
glucose,RGB_primary,ExtraTrees,raw,4,R,0.8200521708526494,0.13266909004802663,1.5093113804713807,0.10865751083636324,0.14910748402387322,0.8721776108822183,0.7818181818181819,True,9.201528428093297e-13
glucose,RGB_primary,ExtraTrees,raw,4,G,3.8476363036270067,0.6224755270231092,5.709064674818361,0.25290207973830836,0.5640083821046092,0.9685058754998752,0.9,True,9.201528428093297e-13
glucose,RGB_primary,ExtraTrees,raw,4,B,1.5134963859560941,0.24485538292886427,2.903928605351764,0.1886781301730223,0.28688413387151757,-0.704197175497506,0.31266433311275804,False,9.201528428093297e-13
glucose,RGB_primary,ExtraTrees,raw,5,R,0.7328479928104424,0.11646639742215979,1.1842019493177391,0.0718303060184281,0.12175704319121367,0.8091527385246168,0.7818181818181819,True,1.0960121699099545e-12
glucose,RGB_primary,ExtraTrees,raw,5,G,4.133996434536963,0.65698709201638,5.822044263689526,0.374028501530168,0.5986098023935963,0.9679240909789409,0.9,True,1.0960121699099545e-12
glucose,RGB_primary,ExtraTrees,raw,5,B,1.4255112136883772,0.2265465105614603,2.7196958621300733,0.162770924105247,0.27963315441519004,-0.6461257583619061,0.31266433311275804,False,1.0960121699099545e-12
glucose,HSV_primary,ExtraTrees,raw,1,Hue,4.952541735320733,0.8519739824620914,5.799980414141415,0.27202366032162106,0.9231149154077432,-0.9089553622319836,-0.9,True,1.2718714970105793e-12
glucose,HSV_primary,ExtraTrees,raw,1,Saturation,0.5381667174983703,0.09257954118097796,0.20777770707070703,0.02202837940914403,0.033069542789927436,-0.9157117268678386,-0.8192412728200082,True,1.2718714970105793e-12
glucose,HSV_primary,ExtraTrees,raw,1,Value,0.32231147181350855,0.05544647635693059,0.27529539393939395,0.04797922842069761,0.043815541802329404,0.8080582807227197,0.690909090909091,True,1.2718714970105793e-12
glucose,HSV_primary,ExtraTrees,raw,2,Hue,4.841129721036376,0.8481484732898105,5.720746996278575,0.2830283871045831,0.918776058684304,-0.8971173563278827,-0.9,True,3.090860900556436e-13
glucose,HSV_primary,ExtraTrees,raw,2,Saturation,0.5756450934838809,0.10085094499194794,0.25525681020733654,0.02308374755113536,0.040995318651075655,-0.9148662401748404,-0.8192412728200082,True,3.090860900556436e-13
glucose,HSV_primary,ExtraTrees,raw,2,Value,0.2911052011785658,0.051000581718241574,0.2504829877724614,0.04069163150212164,0.0402286226646203,0.7705103886781156,0.690909090909091,True,3.090860900556436e-13
glucose,HSV_primary,ExtraTrees,raw,3,Hue,5.022782685149588,0.8539148543598418,5.676678001063264,0.31501040996870816,0.9205506908469641,-0.9073847205426153,-0.9,True,5.293543381412746e-13
glucose,HSV_primary,ExtraTrees,raw,3,Saturation,0.5560530676333411,0.09453364878164675,0.2580212759170653,0.028172573019357803,0.04184166580422227,-0.8996073865828907,-0.8192412728200082,True,5.293543381412746e-13
glucose,HSV_primary,ExtraTrees,raw,3,Value,0.30322925581214905,0.0515514968585114,0.23191170653907492,0.04836331475901146,0.03760764334881368,0.816439194410188,0.690909090909091,True,5.293543381412746e-13
glucose,HSV_primary,ExtraTrees,raw,4,Hue,4.995242250897394,0.8507039999492533,5.8922997129186605,0.2383658595062893,0.9103013364995749,-0.8610021557389979,-0.9,True,4.405364961712621e-13
glucose,HSV_primary,ExtraTrees,raw,4,Saturation,0.556586498282303,0.09478826784055186,0.242909154704944,0.02888878338607483,0.03752703340787189,-0.9420694967492542,-0.8192412728200082,True,4.405364961712621e-13
glucose,HSV_primary,ExtraTrees,raw,4,Value,0.32006353203136306,0.05450773221019493,0.3377023285486443,0.04176617348682038,0.05217163009255315,0.8174170495398051,0.690909090909091,True,4.405364961712621e-13
glucose,HSV_primary,ExtraTrees,raw,5,Hue,4.863301733949734,0.8478786668331016,5.775038660287081,0.3285881754971532,0.9099060424533585,-0.8844076975655923,-0.9,True,3.836930773104541e-13
glucose,HSV_primary,ExtraTrees,raw,5,Saturation,0.5798477931854049,0.10109193316551036,0.3066884316852738,0.03035188414408393,0.048321348748703016,-0.884047510447622,-0.8192412728200082,True,3.836930773104541e-13
glucose,HSV_primary,ExtraTrees,raw,5,Value,0.292696796389637,0.05102940000138809,0.26512455077086655,0.04699873658826276,0.0417726087979386,0.7498462753852335,0.690909090909091,True,3.836930773104541e-13
ketone,RGB_primary,RandomForest,raw,1,R,0.17565626280442473,0.06007307516609992,0.3305090138888888,0.03476143883172913,0.10791449695420363,-0.8965514617195606,-0.9761904761904763,True,4.2810199829546036e-13
ketone,RGB_primary,RandomForest,raw,1,G,1.898887159978002,0.6494046342105548,1.9468336851851853,0.14010198606894286,0.6356606596541622,-0.8860807504779794,-0.9761904761904763,True,4.2810199829546036e-13
ketone,RGB_primary,RandomForest,raw,1,B,0.8494997083331587,0.29052229062334534,0.7853506666666666,0.05640594684028999,0.25642484339163424,0.8845482708691857,0.9047619047619048,True,4.2810199829546036e-13
ketone,RGB_primary,RandomForest,raw,2,R,0.15077333973402018,0.054656282417514315,0.27952153508771926,0.03604374754596467,0.09481826494425026,-0.8748459002050272,-0.9761904761904763,True,4.938272013532696e-13
ketone,RGB_primary,RandomForest,raw,2,G,1.9205778586793296,0.6962215338201251,1.9520576267056526,0.12841894143916133,0.6621697937417805,-0.9440024652679947,-0.9761904761904763,True,4.938272013532696e-13
ketone,RGB_primary,RandomForest,raw,2,B,0.6872217060201519,0.24912218376236073,0.7163922575536064,0.05486326836993639,0.2430119413139692,0.7817396016659257,0.9047619047619048,True,4.938272013532696e-13
ketone,RGB_primary,RandomForest,raw,3,R,0.10530524608729545,0.0354125749318138,0.1595917392787525,0.01617677175263204,0.050481667879844185,-0.8187741905213527,-0.9761904761904763,True,5.364597654988756e-13
ketone,RGB_primary,RandomForest,raw,3,G,2.0536987595475966,0.690628092256331,2.2836331966374264,0.14189161850594023,0.722353256584789,-0.9292298513105591,-0.9761904761904763,True,5.364597654988756e-13
ketone,RGB_primary,RandomForest,raw,3,B,0.8146641416280103,0.2739593328118552,0.7181551448412699,0.08179547249949135,0.22716507553536683,0.8204817059107785,0.9047619047619048,True,5.364597654988756e-13
ketone,RGB_primary,RandomForest,raw,4,R,0.2066051966011618,0.07034819502001032,0.37414856469298247,0.031012829063160822,0.12078197458681575,-0.8724897504932182,-0.9761904761904763,True,4.938272013532696e-13
ketone,RGB_primary,RandomForest,raw,4,G,1.9171473435768878,0.6527805564755248,1.978066978923002,0.12694967952482175,0.6385560660251239,-0.8860538032169282,-0.9761904761904763,True,4.938272013532696e-13
ketone,RGB_primary,RandomForest,raw,4,B,0.8131415271451224,0.2768712485044648,0.7455030188840156,0.06632346452752173,0.2406619593880603,0.8316712862466925,0.9047619047619048,True,4.938272013532696e-13
ketone,RGB_primary,RandomForest,raw,5,R,0.10769256444236412,0.0365515324159675,0.22592671442495119,0.023649614980648388,0.06996239299306785,-0.9175183618203022,-0.9761904761904763,True,5.400124791776761e-13
ketone,RGB_primary,RandomForest,raw,5,G,2.014491750498387,0.6837311461688551,2.2238636871345028,0.1303364724558107,0.6886605934952421,-0.9425211831986983,-0.9761904761904763,True,5.400124791776761e-13
ketone,RGB_primary,RandomForest,raw,5,B,0.8241371475027421,0.27971732141517736,0.7794689870857702,0.046164443312703904,0.24137701351169003,0.7960108189803746,0.9047619047619048,True,5.400124791776761e-13
ketone,HSV_primary,RandomForest,raw,1,Hue,2.667656831013249,0.986060830108595,2.88927875,0.18656704784951453,0.9689487268965499,-0.9776198527002862,-1.0,True,1.6342482922482304e-13
ketone,HSV_primary,RandomForest,raw,1,Saturation,0.026361441164039334,0.00974412610155643,0.07132074999999996,0.010744246082406629,0.023918131787667447,0.2968957061732033,0.3333333333333334,True,1.6342482922482304e-13
ketone,HSV_primary,RandomForest,raw,1,Value,0.01134913473964544,0.004195043789848507,0.021270097222222183,0.005830153554200536,0.007133141315782711,-0.5007365358645094,-0.9761904761904763,True,1.6342482922482304e-13
ketone,HSV_primary,RandomForest,raw,2,Hue,2.685909865484542,0.9881020028975214,3.009060277777778,0.1563237706306302,0.9679642575307222,-0.9747380010098494,-1.0,True,4.884981308350689e-14
ketone,HSV_primary,RandomForest,raw,2,Saturation,0.016087893905059273,0.005918471201982851,0.06197232456140345,0.008868275787091678,0.019935458114462516,0.4479838484589108,0.3333333333333334,True,4.884981308350689e-14
ketone,HSV_primary,RandomForest,raw,2,Value,0.016253855937915406,0.005979525900495791,0.03761552631578956,0.0071708540478043654,0.012100284354815286,-0.34153358774068854,-0.9761904761904763,True,4.884981308350689e-14
ketone,HSV_primary,RandomForest,raw,3,Hue,2.6600324862201394,0.9951796521619495,2.9849282894736846,0.20898744769329455,0.9925161799643156,-0.9772258596856084,-1.0,True,5.595524044110789e-14
ketone,HSV_primary,RandomForest,raw,3,Saturation,0.009857170769817826,0.003687795479500926,0.02018662280701751,0.002501226001774049,0.0067122382220895175,-0.049817371746059505,0.3333333333333334,False,5.595524044110789e-14
ketone,HSV_primary,RandomForest,raw,3,Value,0.0030272183113294574,0.0011325523585495843,0.0023204824561403477,0.0006810880882358019,0.0007715818135948338,-0.14474343780612875,-0.9761904761904763,True,5.595524044110789e-14
ketone,HSV_primary,RandomForest,raw,4,Hue,2.6858929290284546,0.9836411264964591,3.030300935672514,0.16775548671439264,0.9720995614707048,-0.9762743794965308,-1.0,True,6.217248937900877e-14
ketone,HSV_primary,RandomForest,raw,4,Saturation,0.024596164541606912,0.00900773025451536,0.05589046783625731,0.009706949380945209,0.017929275153644293,0.8275077790697166,0.3333333333333334,True,6.217248937900877e-14
ketone,HSV_primary,RandomForest,raw,4,Value,0.02007275127175579,0.007351143249025592,0.031082850877192914,0.009377520568281845,0.009971163375650939,-0.6754525401419885,-0.9761904761904763,True,6.217248937900877e-14
ketone,HSV_primary,RandomForest,raw,5,Hue,2.735363518258039,0.9917771723887444,3.030437207602339,0.20096569209113085,0.9888659148451058,-0.9780241270497406,-1.0,True,5.773159728050814e-14
ketone,HSV_primary,RandomForest,raw,5,Saturation,0.019514786844199467,0.007075593421833242,0.03084459064327482,0.004073647379492264,0.010064938573209064,-0.23781685048486773,0.3333333333333334,False,5.773159728050814e-14
ketone,HSV_primary,RandomForest,raw,5,Value,0.0031641205666048176,0.0011472341894224116,0.003276461988304083,0.000624124431368151,0.00106914658168515,-0.2299086718418381,-0.9761904761904763,True,5.773159728050814e-14
