analyte,outer_fold,feature_set,model,inner_best_mae,best_parameters
glucose,1,G_only,Ridge,2.8023639800964846,"{""alpha"": 0.1, ""target_transform"": ""log1p""}"
glucose,1,G_only,ElasticNet,2.803417446011104,"{""alpha"": 0.001, ""l1_ratio"": 0.2, ""target_transform"": ""log1p""}"
glucose,1,G_only,SVR,2.378795986003629,"{""C"": 100.0, ""epsilon"": 0.01, ""target_transform"": ""log1p""}"
glucose,1,G_only,RandomForest,2.4762141836871163,"{""max_depth"": null, ""min_samples_leaf"": 1, ""target_transform"": ""log1p""}"
glucose,1,G_only,ExtraTrees,2.4678129223474046,"{""max_depth"": 8, ""min_samples_leaf"": 1, ""target_transform"": ""log1p""}"
glucose,1,Hue_only,Ridge,1.219598234605887,"{""alpha"": 0.1, ""target_transform"": ""log1p""}"
glucose,1,Hue_only,ElasticNet,1.220929926063405,"{""alpha"": 0.001, ""l1_ratio"": 0.2, ""target_transform"": ""log1p""}"
glucose,1,Hue_only,SVR,0.537091610051702,"{""C"": 100.0, ""epsilon"": 0.01, ""target_transform"": ""log1p""}"
glucose,1,Hue_only,RandomForest,0.5482246693037157,"{""max_depth"": 8, ""min_samples_leaf"": 3, ""target_transform"": ""raw""}"
glucose,1,Hue_only,ExtraTrees,0.544533039768621,"{""max_depth"": 8, ""min_samples_leaf"": 1, ""target_transform"": ""log1p""}"
glucose,2,G_only,Ridge,2.792910390570195,"{""alpha"": 0.1, ""target_transform"": ""log1p""}"
glucose,2,G_only,ElasticNet,2.793697117318177,"{""alpha"": 0.001, ""l1_ratio"": 0.2, ""target_transform"": ""log1p""}"
glucose,2,G_only,SVR,2.3800574867459825,"{""C"": 100.0, ""epsilon"": 0.01, ""target_transform"": ""log1p""}"
glucose,2,G_only,RandomForest,2.4721285807677487,"{""max_depth"": 8, ""min_samples_leaf"": 3, ""target_transform"": ""log1p""}"
glucose,2,G_only,ExtraTrees,2.4531857661625667,"{""max_depth"": 8, ""min_samples_leaf"": 1, ""target_transform"": ""log1p""}"
glucose,2,Hue_only,Ridge,1.2218724971789776,"{""alpha"": 0.1, ""target_transform"": ""log1p""}"
glucose,2,Hue_only,ElasticNet,1.2232143263437882,"{""alpha"": 0.001, ""l1_ratio"": 0.2, ""target_transform"": ""log1p""}"
glucose,2,Hue_only,SVR,0.539485424689027,"{""C"": 100.0, ""epsilon"": 0.01, ""target_transform"": ""log1p""}"
glucose,2,Hue_only,RandomForest,0.49189131313131307,"{""max_depth"": null, ""min_samples_leaf"": 1, ""target_transform"": ""raw""}"
glucose,2,Hue_only,ExtraTrees,0.47483492124665433,"{""max_depth"": null, ""min_samples_leaf"": 1, ""target_transform"": ""log1p""}"
glucose,3,G_only,Ridge,2.895891013475855,"{""alpha"": 0.1, ""target_transform"": ""log1p""}"
glucose,3,G_only,ElasticNet,2.8967059219188456,"{""alpha"": 0.001, ""l1_ratio"": 0.2, ""target_transform"": ""log1p""}"
glucose,3,G_only,SVR,2.4161886219640456,"{""C"": 100.0, ""epsilon"": 0.01, ""target_transform"": ""log1p""}"
glucose,3,G_only,RandomForest,2.506971849071887,"{""max_depth"": 8, ""min_samples_leaf"": 3, ""target_transform"": ""log1p""}"
glucose,3,G_only,ExtraTrees,2.5044047841285466,"{""max_depth"": 8, ""min_samples_leaf"": 1, ""target_transform"": ""log1p""}"
glucose,3,Hue_only,Ridge,1.206466534876379,"{""alpha"": 0.1, ""target_transform"": ""log1p""}"
glucose,3,Hue_only,ElasticNet,1.2078441213596607,"{""alpha"": 0.001, ""l1_ratio"": 0.2, ""target_transform"": ""log1p""}"
glucose,3,Hue_only,SVR,0.5362139309234367,"{""C"": 100.0, ""epsilon"": 0.01, ""target_transform"": ""raw""}"
glucose,3,Hue_only,RandomForest,0.5082585981904536,"{""max_depth"": null, ""min_samples_leaf"": 1, ""target_transform"": ""log1p""}"
glucose,3,Hue_only,ExtraTrees,0.4996261334011587,"{""max_depth"": null, ""min_samples_leaf"": 1, ""target_transform"": ""log1p""}"
glucose,4,G_only,Ridge,2.7848267465252885,"{""alpha"": 0.1, ""target_transform"": ""log1p""}"
glucose,4,G_only,ElasticNet,2.785653808875343,"{""alpha"": 0.001, ""l1_ratio"": 0.2, ""target_transform"": ""log1p""}"
glucose,4,G_only,SVR,2.4070559367072146,"{""C"": 1.0, ""epsilon"": 0.01, ""target_transform"": ""log1p""}"
glucose,4,G_only,RandomForest,2.4868545525585506,"{""max_depth"": 8, ""min_samples_leaf"": 3, ""target_transform"": ""log1p""}"
glucose,4,G_only,ExtraTrees,2.4580411827514657,"{""max_depth"": 8, ""min_samples_leaf"": 1, ""target_transform"": ""log1p""}"
glucose,4,Hue_only,Ridge,1.217789854881532,"{""alpha"": 0.1, ""target_transform"": ""log1p""}"
glucose,4,Hue_only,ElasticNet,1.2191220467970907,"{""alpha"": 0.001, ""l1_ratio"": 0.2, ""target_transform"": ""log1p""}"
glucose,4,Hue_only,SVR,0.5342438763961542,"{""C"": 100.0, ""epsilon"": 0.01, ""target_transform"": ""log1p""}"
glucose,4,Hue_only,RandomForest,0.5488884810002971,"{""max_depth"": 8, ""min_samples_leaf"": 3, ""target_transform"": ""raw""}"
glucose,4,Hue_only,ExtraTrees,0.5498180326643393,"{""max_depth"": 8, ""min_samples_leaf"": 1, ""target_transform"": ""log1p""}"
glucose,5,G_only,Ridge,2.825164962917233,"{""alpha"": 0.1, ""target_transform"": ""log1p""}"
glucose,5,G_only,ElasticNet,2.8260975733080818,"{""alpha"": 0.001, ""l1_ratio"": 0.2, ""target_transform"": ""log1p""}"
glucose,5,G_only,SVR,2.3615669019885246,"{""C"": 100.0, ""epsilon"": 0.01, ""target_transform"": ""log1p""}"
glucose,5,G_only,RandomForest,2.4077741393133745,"{""max_depth"": 8, ""min_samples_leaf"": 3, ""target_transform"": ""log1p""}"
glucose,5,G_only,ExtraTrees,2.411335807706549,"{""max_depth"": 8, ""min_samples_leaf"": 1, ""target_transform"": ""log1p""}"
glucose,5,Hue_only,Ridge,1.206355909073705,"{""alpha"": 0.1, ""target_transform"": ""log1p""}"
glucose,5,Hue_only,ElasticNet,1.2077346156252085,"{""alpha"": 0.001, ""l1_ratio"": 0.2, ""target_transform"": ""log1p""}"
glucose,5,Hue_only,SVR,0.561682918672339,"{""C"": 100.0, ""epsilon"": 0.01, ""target_transform"": ""log1p""}"
glucose,5,Hue_only,RandomForest,0.5502164155461198,"{""max_depth"": 8, ""min_samples_leaf"": 3, ""target_transform"": ""raw""}"
glucose,5,Hue_only,ExtraTrees,0.5440357417535859,"{""max_depth"": 8, ""min_samples_leaf"": 1, ""target_transform"": ""log1p""}"
ketone,1,G_only,Ridge,0.9740113897025786,"{""alpha"": 0.1, ""target_transform"": ""log1p""}"
ketone,1,G_only,ElasticNet,0.9752845891694346,"{""alpha"": 0.001, ""l1_ratio"": 0.2, ""target_transform"": ""log1p""}"
ketone,1,G_only,SVR,0.5916735908001651,"{""C"": 100.0, ""epsilon"": 0.01, ""target_transform"": ""raw""}"
ketone,1,G_only,RandomForest,0.6082774978790099,"{""max_depth"": null, ""min_samples_leaf"": 3, ""target_transform"": ""log1p""}"
ketone,1,G_only,ExtraTrees,0.6256744220846306,"{""max_depth"": 8, ""min_samples_leaf"": 1, ""target_transform"": ""log1p""}"
ketone,1,Hue_only,Ridge,0.4353280363863921,"{""alpha"": 0.1, ""target_transform"": ""log1p""}"
ketone,1,Hue_only,ElasticNet,0.4361092516709449,"{""alpha"": 0.001, ""l1_ratio"": 0.2, ""target_transform"": ""log1p""}"
ketone,1,Hue_only,SVR,0.13705671424966442,"{""C"": 100.0, ""epsilon"": 0.01, ""target_transform"": ""raw""}"
ketone,1,Hue_only,RandomForest,0.045505659722222244,"{""max_depth"": null, ""min_samples_leaf"": 1, ""target_transform"": ""raw""}"
ketone,1,Hue_only,ExtraTrees,0.054910911679922694,"{""max_depth"": null, ""min_samples_leaf"": 1, ""target_transform"": ""log1p""}"
ketone,2,G_only,Ridge,0.9748832470142048,"{""alpha"": 0.1, ""target_transform"": ""log1p""}"
ketone,2,G_only,ElasticNet,0.9761547573471454,"{""alpha"": 0.001, ""l1_ratio"": 0.2, ""target_transform"": ""log1p""}"
ketone,2,G_only,SVR,0.6155509269606101,"{""C"": 100.0, ""epsilon"": 0.01, ""target_transform"": ""raw""}"
ketone,2,G_only,RandomForest,0.6266863104494206,"{""max_depth"": 8, ""min_samples_leaf"": 3, ""target_transform"": ""log1p""}"
ketone,2,G_only,ExtraTrees,0.627050551468735,"{""max_depth"": null, ""min_samples_leaf"": 1, ""target_transform"": ""raw""}"
ketone,2,Hue_only,Ridge,0.450726147740261,"{""alpha"": 0.1, ""target_transform"": ""log1p""}"
ketone,2,Hue_only,ElasticNet,0.4514848955145302,"{""alpha"": 0.001, ""l1_ratio"": 0.2, ""target_transform"": ""log1p""}"
ketone,2,Hue_only,SVR,0.13571474350061757,"{""C"": 100.0, ""epsilon"": 0.01, ""target_transform"": ""log1p""}"
ketone,2,Hue_only,RandomForest,0.04406100694444447,"{""max_depth"": null, ""min_samples_leaf"": 1, ""target_transform"": ""raw""}"
ketone,2,Hue_only,ExtraTrees,0.04646075164831439,"{""max_depth"": null, ""min_samples_leaf"": 1, ""target_transform"": ""log1p""}"
ketone,3,G_only,Ridge,0.9510941613277384,"{""alpha"": 0.1, ""target_transform"": ""log1p""}"
ketone,3,G_only,ElasticNet,0.9523707627476302,"{""alpha"": 0.001, ""l1_ratio"": 0.2, ""target_transform"": ""log1p""}"
ketone,3,G_only,SVR,0.6031576135908463,"{""C"": 100.0, ""epsilon"": 0.01, ""target_transform"": ""raw""}"
ketone,3,G_only,RandomForest,0.6100281006741232,"{""max_depth"": 8, ""min_samples_leaf"": 3, ""target_transform"": ""log1p""}"
ketone,3,G_only,ExtraTrees,0.6163565145551001,"{""max_depth"": 8, ""min_samples_leaf"": 1, ""target_transform"": ""log1p""}"
ketone,3,Hue_only,Ridge,0.44244378688917985,"{""alpha"": 0.1, ""target_transform"": ""log1p""}"
ketone,3,Hue_only,ElasticNet,0.4431923452053148,"{""alpha"": 0.001, ""l1_ratio"": 0.2, ""target_transform"": ""log1p""}"
ketone,3,Hue_only,SVR,0.1164747331268893,"{""C"": 100.0, ""epsilon"": 0.01, ""target_transform"": ""log1p""}"
ketone,3,Hue_only,RandomForest,0.03991032638888891,"{""max_depth"": null, ""min_samples_leaf"": 1, ""target_transform"": ""raw""}"
ketone,3,Hue_only,ExtraTrees,0.04590170319560928,"{""max_depth"": null, ""min_samples_leaf"": 1, ""target_transform"": ""log1p""}"
ketone,4,G_only,Ridge,0.9818237990141061,"{""alpha"": 0.1, ""target_transform"": ""log1p""}"
ketone,4,G_only,ElasticNet,0.9830599194047389,"{""alpha"": 0.001, ""l1_ratio"": 0.2, ""target_transform"": ""log1p""}"
ketone,4,G_only,SVR,0.5860478712826556,"{""C"": 100.0, ""epsilon"": 0.01, ""target_transform"": ""raw""}"
ketone,4,G_only,RandomForest,0.6445163970955766,"{""max_depth"": 8, ""min_samples_leaf"": 3, ""target_transform"": ""log1p""}"
ketone,4,G_only,ExtraTrees,0.6486726653830838,"{""max_depth"": 8, ""min_samples_leaf"": 1, ""target_transform"": ""raw""}"
ketone,4,Hue_only,Ridge,0.42039910171785505,"{""alpha"": 0.1, ""target_transform"": ""log1p""}"
ketone,4,Hue_only,ElasticNet,0.42121410000611126,"{""alpha"": 0.001, ""l1_ratio"": 0.2, ""target_transform"": ""log1p""}"
ketone,4,Hue_only,SVR,0.13332271427255343,"{""C"": 100.0, ""epsilon"": 0.01, ""target_transform"": ""raw""}"
ketone,4,Hue_only,RandomForest,0.031523562500000026,"{""max_depth"": null, ""min_samples_leaf"": 1, ""target_transform"": ""raw""}"
ketone,4,Hue_only,ExtraTrees,0.03760091666666669,"{""max_depth"": null, ""min_samples_leaf"": 1, ""target_transform"": ""raw""}"
ketone,5,G_only,Ridge,0.9500244188883282,"{""alpha"": 0.1, ""target_transform"": ""log1p""}"
ketone,5,G_only,ElasticNet,0.9512889231990034,"{""alpha"": 0.001, ""l1_ratio"": 0.2, ""target_transform"": ""log1p""}"
ketone,5,G_only,SVR,0.6123859202049515,"{""C"": 100.0, ""epsilon"": 0.01, ""target_transform"": ""raw""}"
ketone,5,G_only,RandomForest,0.6380243998141104,"{""max_depth"": 8, ""min_samples_leaf"": 3, ""target_transform"": ""log1p""}"
ketone,5,G_only,ExtraTrees,0.6536316267923238,"{""max_depth"": 8, ""min_samples_leaf"": 1, ""target_transform"": ""log1p""}"
ketone,5,Hue_only,Ridge,0.4426713582754749,"{""alpha"": 0.1, ""target_transform"": ""log1p""}"
ketone,5,Hue_only,ElasticNet,0.4435294122107699,"{""alpha"": 0.001, ""l1_ratio"": 0.2, ""target_transform"": ""log1p""}"
ketone,5,Hue_only,SVR,0.11940752551838676,"{""C"": 100.0, ""epsilon"": 0.01, ""target_transform"": ""log1p""}"
ketone,5,Hue_only,RandomForest,0.029510930555555575,"{""max_depth"": null, ""min_samples_leaf"": 1, ""target_transform"": ""raw""}"
ketone,5,Hue_only,ExtraTrees,0.03796111870430678,"{""max_depth"": null, ""min_samples_leaf"": 1, ""target_transform"": ""log1p""}"
