analyte,outer_fold,feature_set,model,feature_count,target_transform,inner_best_mae,mae,rmse,r2,normalized_mae
glucose,1,G_only,Ridge,1,log1p,2.8023639800964846,2.7129248199702034,4.285549488711928,0.5884161868060209,0.13564624099851016
glucose,1,G_only,ElasticNet,1,log1p,2.803417446011104,2.714182242378242,4.287811967745651,0.5879814954995586,0.1357091121189121
glucose,1,G_only,SVR,1,log1p,2.378795986003629,2.337573124570084,3.8191988984111975,0.6731189005566685,0.1168786562285042
glucose,1,G_only,RandomForest,1,log1p,2.4762141836871163,2.513375103237924,4.115622717911595,0.6204085961916049,0.12566875516189618
glucose,1,G_only,ExtraTrees,1,log1p,2.4678129223474046,2.4699495434794176,4.018483782230449,0.638115737467212,0.12349747717397089
glucose,1,Hue_only,Ridge,2,log1p,1.219598234605887,1.18831961808838,2.127258971426669,0.8985887852234072,0.059415980904419
glucose,1,Hue_only,ElasticNet,2,log1p,1.220929926063405,1.1897748056044857,2.13005882742989,0.8983216586927031,0.059488740280224287
glucose,1,Hue_only,SVR,2,log1p,0.537091610051702,0.5629010085842009,1.3262204205819788,0.9605836252218181,0.028145050429210044
glucose,1,Hue_only,RandomForest,2,raw,0.5482246693037157,0.5175398953004196,1.2367274338269307,0.9657237543572146,0.025876994765020978
glucose,1,Hue_only,ExtraTrees,2,log1p,0.544533039768621,0.5326164596037645,1.2213311530483408,0.9665718665557074,0.026630822980188224
glucose,2,G_only,Ridge,1,log1p,2.792910390570195,2.914627768776802,4.54287425526021,0.5375053758692367,0.1457313884388401
glucose,2,G_only,ElasticNet,1,log1p,2.793697117318177,2.91630960514791,4.545368893803152,0.5369972950230801,0.1458154802573955
glucose,2,G_only,SVR,1,log1p,2.3800574867459825,2.413515703619932,3.9610219676309253,0.6483911812080072,0.1206757851809966
glucose,2,G_only,RandomForest,1,log1p,2.4721285807677487,2.557568159743267,4.201191560842818,0.6044601667949494,0.12787840798716335
glucose,2,G_only,ExtraTrees,1,log1p,2.4531857661625667,2.5712908435444195,4.18644280300328,0.6072324665878224,0.12856454217722096
glucose,2,Hue_only,Ridge,2,log1p,1.2218724971789776,1.1894493291396984,2.157764126098823,0.8956594325837356,0.05947246645698492
glucose,2,Hue_only,ElasticNet,2,log1p,1.2232143263437882,1.190933535557338,2.1601963150855754,0.8954240787732809,0.0595466767778669
glucose,2,Hue_only,SVR,2,log1p,0.539485424689027,0.5497840469511877,1.3646305932335654,0.9582673979592168,0.02748920234755938
glucose,2,Hue_only,RandomForest,2,raw,0.49189131313131307,0.5533728867623605,1.4426945141427872,0.9533561899594523,0.027668644338118026
glucose,2,Hue_only,ExtraTrees,2,log1p,0.47483492124665433,0.5546439889809545,1.4991256923706378,0.9496358682036068,0.02773219944904772
glucose,3,G_only,Ridge,1,log1p,2.895891013475855,2.614693368461616,4.357290870058473,0.5745207730507295,0.1307346684230808
glucose,3,G_only,ElasticNet,1,log1p,2.8967059219188456,2.616833945884532,4.360249031499194,0.5739428619017481,0.13084169729422662
glucose,3,G_only,SVR,1,log1p,2.4161886219640456,2.205663338743258,3.7184643496071135,0.6901350164112521,0.11028316693716289
glucose,3,G_only,RandomForest,1,log1p,2.506971849071887,2.293566943646872,3.8676218048084583,0.6647774253915049,0.1146783471823436
glucose,3,G_only,ExtraTrees,1,log1p,2.5044047841285466,2.307922989985126,3.8550278014712323,0.6669570183272544,0.11539614949925629
glucose,3,Hue_only,Ridge,2,log1p,1.206466534876379,1.2401027122313404,2.186095995818225,0.8929014194799932,0.06200513561156702
glucose,3,Hue_only,ElasticNet,2,log1p,1.2078441213596607,1.241498537034481,2.1884781565751634,0.8926678844111667,0.062074926851724055
glucose,3,Hue_only,SVR,2,raw,0.5362139309234367,0.5517085400195056,1.2187167960215881,0.9667148245723092,0.02758542700097528
glucose,3,Hue_only,RandomForest,2,log1p,0.5082585981904536,0.630429018865153,1.5075709108519966,0.9490668243279492,0.03152145094325765
glucose,3,Hue_only,ExtraTrees,2,log1p,0.4996261334011587,0.6111233082552543,1.4747935195277224,0.9512575114455514,0.030556165412762716
glucose,4,G_only,Ridge,1,log1p,2.7848267465252885,2.7163417464912403,4.182675238478387,0.6079390861389347,0.13581708732456202
glucose,4,G_only,ElasticNet,1,log1p,2.785653808875343,2.7174353590597895,4.1846758167368625,0.6075639500966025,0.13587176795298947
glucose,4,G_only,SVR,1,log1p,2.4070559367072146,2.475049381591023,3.83201620700229,0.6709211798016321,0.12375246907955115
glucose,4,G_only,RandomForest,1,log1p,2.4868545525585506,2.393970714145807,3.8333216693194556,0.6706969254392412,0.11969853570729035
glucose,4,G_only,ExtraTrees,1,log1p,2.4580411827514657,2.4030987274028535,3.792906703648999,0.6776040498385918,0.12015493637014267
glucose,4,Hue_only,Ridge,2,log1p,1.217789854881532,1.203631722016587,2.1559762197342986,0.895832272492318,0.060181586100829354
glucose,4,Hue_only,ElasticNet,2,log1p,1.2191220467970907,1.205136557234057,2.158265531848273,0.8956109351244531,0.060256827861702854
glucose,4,Hue_only,SVR,2,log1p,0.5342438763961542,0.5510473933152621,1.2474683503291892,0.9651257939649516,0.027552369665763105
glucose,4,Hue_only,RandomForest,2,raw,0.5488884810002971,0.4935460115461418,1.1239008335031355,0.9716925177407221,0.02467730057730709
glucose,4,Hue_only,ExtraTrees,2,log1p,0.5498180326643393,0.49821246379973555,1.1162525258052816,0.9720764798419792,0.024910623189986776
glucose,5,G_only,Ridge,1,log1p,2.825164962917233,2.853101777960617,4.553055951335426,0.5354299247675771,0.14265508889803086
glucose,5,G_only,ElasticNet,1,log1p,2.8260975733080818,2.8546644477053684,4.555692460783036,0.5348917376525057,0.14273322238526842
glucose,5,G_only,SVR,1,log1p,2.3615669019885246,2.4609085688626244,4.148556386831106,0.614309224591116,0.12304542844313122
glucose,5,G_only,RandomForest,1,log1p,2.4077741393133745,2.596296391430804,4.357490568010451,0.5744817720843843,0.1298148195715402
glucose,5,G_only,ExtraTrees,1,log1p,2.411335807706549,2.5607620220999827,4.256002767092947,0.5940719518551938,0.12803810110499914
glucose,5,Hue_only,Ridge,2,log1p,1.206355909073705,1.2205003101617995,2.1478588352756742,0.8966151917785243,0.061025015508089975
glucose,5,Hue_only,ElasticNet,2,log1p,1.2077346156252085,1.2219216344047197,2.1501288016994433,0.8963965516608078,0.061096081720235985
glucose,5,Hue_only,SVR,2,log1p,0.561682918672339,0.45533287001492073,1.0547983927597613,0.9750664466196848,0.022766643500746038
glucose,5,Hue_only,RandomForest,2,raw,0.5502164155461198,0.4688079768467114,1.1510516268878832,0.9703083137159515,0.02344039884233557
glucose,5,Hue_only,ExtraTrees,2,log1p,0.5440357417535859,0.46302410990293313,1.1003940462714685,0.9728642567692282,0.023151205495146657
ketone,1,G_only,Ridge,1,log1p,0.9740113897025786,0.9603096623280563,1.618127641364011,0.7712447340044539,0.09603096623280563
ketone,1,G_only,ElasticNet,1,log1p,0.9752845891694346,0.9616466279997763,1.620289741468711,0.7706330119100371,0.09616466279997762
ketone,1,G_only,SVR,1,raw,0.5916735908001651,0.6236859619496835,1.3300058968959294,0.8454558109318189,0.06236859619496835
ketone,1,G_only,RandomForest,1,log1p,0.6082774978790099,0.690365373092433,1.3575577873445948,0.8389865344244738,0.06903653730924329
ketone,1,G_only,ExtraTrees,1,log1p,0.6256744220846306,0.6688747372957146,1.2796906453044896,0.8569277070527408,0.06688747372957146
ketone,1,Hue_only,Ridge,2,log1p,0.4353280363863921,0.41560327929854113,0.6810430623274359,0.9594776434605847,0.04156032792985411
ketone,1,Hue_only,ElasticNet,2,log1p,0.4361092516709449,0.4166648952033311,0.6831075614494767,0.959231593910376,0.04166648952033311
ketone,1,Hue_only,SVR,2,raw,0.13705671424966442,0.13615809913711555,0.39349074080727964,0.9864725922189266,0.013615809913711554
ketone,1,Hue_only,RandomForest,2,raw,0.045505659722222244,0.04281083333333335,0.23866735451483745,0.9950234131748988,0.004281083333333335
ketone,1,Hue_only,ExtraTrees,2,log1p,0.054910911679922694,0.07042638020336402,0.4312448125900948,0.9837522467464186,0.007042638020336401
ketone,2,G_only,Ridge,1,log1p,0.9748832470142048,0.9299693328763675,1.5343795333805417,0.7943109648971098,0.09299693328763675
ketone,2,G_only,ElasticNet,1,log1p,0.9761547573471454,0.9314224753266017,1.5367058978805945,0.7936867771965685,0.09314224753266018
ketone,2,G_only,SVR,1,raw,0.6155509269606101,0.5229403672679902,1.1216045646183295,0.8900930684415774,0.05229403672679902
ketone,2,G_only,RandomForest,1,log1p,0.6266863104494206,0.6332817485010308,1.3006865066381283,0.8521944244979943,0.06332817485010309
ketone,2,G_only,ExtraTrees,1,raw,0.627050551468735,0.6084801381578564,1.2259139567617134,0.8686997582121592,0.06084801381578564
ketone,2,Hue_only,Ridge,2,log1p,0.450726147740261,0.4070115159806368,0.6311322572358712,0.9651994344213664,0.04070115159806368
ketone,2,Hue_only,ElasticNet,2,log1p,0.4514848955145302,0.40827726358183586,0.6335463315355699,0.9649327016695497,0.04082772635818359
ketone,2,Hue_only,SVR,2,log1p,0.13571474350061757,0.06255170656555258,0.15264092694796624,0.9979644229938437,0.006255170656555257
ketone,2,Hue_only,RandomForest,2,raw,0.04406100694444447,0.011345175438596512,0.04024670666850667,0.9998584837721273,0.0011345175438596511
ketone,2,Hue_only,ExtraTrees,2,log1p,0.04646075164831439,0.014114338862369022,0.04275712239764136,0.9998402788292019,0.0014114338862369021
ketone,3,G_only,Ridge,1,log1p,0.9510941613277384,0.9481953905505036,1.5733678070950992,0.7837251265726574,0.09481953905505036
ketone,3,G_only,ElasticNet,1,log1p,0.9523707627476302,0.9495901558416227,1.5753905242841215,0.7831686843948077,0.09495901558416227
ketone,3,G_only,SVR,1,raw,0.6031576135908463,0.6032233339887295,1.3365954676275873,0.8439206257562168,0.060322333398872954
ketone,3,G_only,RandomForest,1,log1p,0.6100281006741232,0.6197155683141983,1.313284715320586,0.8493173232400417,0.061971556831419826
ketone,3,G_only,ExtraTrees,1,log1p,0.6163565145551001,0.6339318303147129,1.300490343414155,0.8522390037746996,0.06339318303147129
ketone,3,Hue_only,Ridge,2,log1p,0.44244378688917985,0.4434608656114847,0.748748547951597,0.9510201406878156,0.04434608656114847
ketone,3,Hue_only,ElasticNet,2,log1p,0.4431923452053148,0.44472215101878704,0.7508006591481174,0.9507512924721316,0.0444722151018787
ketone,3,Hue_only,SVR,2,log1p,0.1164747331268893,0.13391255783410125,0.3926477727904257,0.986530489173165,0.013391255783410124
ketone,3,Hue_only,RandomForest,2,raw,0.03991032638888891,0.0716964912280702,0.41268060607639284,0.9851210026515482,0.00716964912280702
ketone,3,Hue_only,ExtraTrees,2,log1p,0.04590170319560928,0.06305337352536364,0.3481363323188724,0.9894112609346865,0.006305337352536364
ketone,4,G_only,Ridge,1,log1p,0.9818237990141061,0.8643941799540479,1.481503474706323,0.808243146066233,0.08643941799540479
ketone,4,G_only,ElasticNet,1,log1p,0.9830599194047389,0.8659504489937072,1.4834398763215753,0.8077415462331852,0.08659504489937073
ketone,4,G_only,SVR,1,raw,0.5860478712826556,0.6561068564489598,1.5037596580052714,0.802438458433931,0.06561068564489599
ketone,4,G_only,RandomForest,1,log1p,0.6445163970955766,0.5830121448765828,1.2379289633154082,0.8661134363234237,0.05830121448765828
ketone,4,G_only,ExtraTrees,1,raw,0.6486726653830838,0.6250455170364532,1.2448410966807881,0.8646141169404054,0.06250455170364531
ketone,4,Hue_only,Ridge,2,log1p,0.42039910171785505,0.33616300542857475,0.5588124086636101,0.9727179104894944,0.033616300542857476
ketone,4,Hue_only,ElasticNet,2,log1p,0.42121410000611126,0.33705217035393337,0.5601891764262581,0.9725833130069677,0.03370521703539334
ketone,4,Hue_only,SVR,2,raw,0.13332271427255343,0.09767497806686552,0.33546224546921233,0.9901682042819259,0.009767497806686553
ketone,4,Hue_only,RandomForest,2,raw,0.031523562500000026,0.04013157894736845,0.3285682629101795,0.9905681524947867,0.004013157894736845
ketone,4,Hue_only,ExtraTrees,2,raw,0.03760091666666669,0.04408859649122811,0.33279363387621763,0.9903240065242302,0.00440885964912281
ketone,5,G_only,Ridge,1,log1p,0.9500244188883282,0.9673513805784028,1.5302243855952717,0.7954234811758956,0.09673513805784027
ketone,5,G_only,ElasticNet,1,log1p,0.9512889231990034,0.9688423800972105,1.5323295606482696,0.794860210023986,0.09688423800972104
ketone,5,G_only,SVR,1,raw,0.6123859202049515,0.5672167992385314,1.1998569142512148,0.8742220639227551,0.056721679923853144
ketone,5,G_only,RandomForest,1,log1p,0.6380243998141104,0.5866921580875326,1.13930355504331,0.8865970239185286,0.05866921580875326
ketone,5,G_only,ExtraTrees,1,log1p,0.6536316267923238,0.5951671992433955,1.1356023974305083,0.8873326321390206,0.059516719924339545
ketone,5,Hue_only,Ridge,2,log1p,0.4426713582754749,0.43061774503904227,0.7145275657924216,0.9553950021026094,0.04306177450390423
ketone,5,Hue_only,ElasticNet,2,log1p,0.4435294122107699,0.43157097149644885,0.7164075329485319,0.9551599761912497,0.043157097149644885
ketone,5,Hue_only,SVR,2,log1p,0.11940752551838676,0.1138822267644631,0.3261236619879809,0.9907079793217662,0.011388222676446309
ketone,5,Hue_only,RandomForest,2,raw,0.029510930555555575,0.05317763157894738,0.4112875001832873,0.9852212885980972,0.005317763157894738
ketone,5,Hue_only,ExtraTrees,2,log1p,0.03796111870430678,0.06216525812577546,0.4405046341721923,0.9830470020218011,0.006216525812577546
