analyte,feature_set,model,outer_fold,target_transform,inner_best_mae,best_parameters
glucose,RGB_primary,Ridge,1,log1p,1.3953349869520668,"{""alpha"": 0.1, ""target_transform"": ""log1p""}"
glucose,RGB_primary,ElasticNet,1,log1p,1.4160835042172337,"{""alpha"": 0.001, ""l1_ratio"": 0.8, ""target_transform"": ""log1p""}"
glucose,RGB_primary,SVR,1,log1p,0.7052548691450988,"{""C"": 100.0, ""epsilon"": 0.01, ""target_transform"": ""log1p""}"
glucose,RGB_primary,RandomForest,1,log1p,0.7112340117904011,"{""max_depth"": null, ""min_samples_leaf"": 1, ""target_transform"": ""log1p""}"
glucose,RGB_primary,ExtraTrees,1,log1p,0.5614895404481842,"{""max_depth"": null, ""min_samples_leaf"": 1, ""target_transform"": ""log1p""}"
glucose,HSV_primary,Ridge,1,log1p,1.0914181713540012,"{""alpha"": 0.1, ""target_transform"": ""log1p""}"
glucose,HSV_primary,ElasticNet,1,log1p,1.0989777867239159,"{""alpha"": 0.001, ""l1_ratio"": 0.2, ""target_transform"": ""log1p""}"
glucose,HSV_primary,SVR,1,log1p,0.4422136095988801,"{""C"": 100.0, ""epsilon"": 0.01, ""target_transform"": ""log1p""}"
glucose,HSV_primary,RandomForest,1,raw,0.3706543737373737,"{""max_depth"": null, ""min_samples_leaf"": 1, ""target_transform"": ""raw""}"
glucose,HSV_primary,ExtraTrees,1,raw,0.3607784393939394,"{""max_depth"": null, ""min_samples_leaf"": 1, ""target_transform"": ""raw""}"
glucose,RGB_HSV_combined,Ridge,1,log1p,0.9312046367618564,"{""alpha"": 0.1, ""target_transform"": ""log1p""}"
glucose,RGB_HSV_combined,ElasticNet,1,log1p,0.9951436279855272,"{""alpha"": 0.001, ""l1_ratio"": 0.2, ""target_transform"": ""log1p""}"
glucose,RGB_HSV_combined,SVR,1,log1p,0.4597443063271087,"{""C"": 100.0, ""epsilon"": 0.01, ""target_transform"": ""log1p""}"
glucose,RGB_HSV_combined,RandomForest,1,raw,0.3729654090909091,"{""max_depth"": null, ""min_samples_leaf"": 1, ""target_transform"": ""raw""}"
glucose,RGB_HSV_combined,ExtraTrees,1,raw,0.35673496464646465,"{""max_depth"": null, ""min_samples_leaf"": 1, ""target_transform"": ""raw""}"
glucose,Chromaticity_secondary,ExtraTrees,1,log1p,0.5716231557482461,"{""max_depth"": null, ""min_samples_leaf"": 1, ""target_transform"": ""log1p""}"
glucose,Background_adjusted_secondary,ExtraTrees,1,log1p,1.0999583132120168,"{""max_depth"": null, ""min_samples_leaf"": 1, ""target_transform"": ""log1p""}"
glucose,Background_negative_control,ExtraTrees,1,log1p,4.11891110499424,"{""max_depth"": null, ""min_samples_leaf"": 1, ""target_transform"": ""log1p""}"
glucose,RGB_primary,Ridge,2,log1p,1.3861760661268125,"{""alpha"": 0.1, ""target_transform"": ""log1p""}"
glucose,RGB_primary,ElasticNet,2,log1p,1.4028234476439796,"{""alpha"": 0.001, ""l1_ratio"": 0.8, ""target_transform"": ""log1p""}"
glucose,RGB_primary,SVR,2,log1p,0.6783569304717865,"{""C"": 100.0, ""epsilon"": 0.01, ""target_transform"": ""log1p""}"
glucose,RGB_primary,RandomForest,2,raw,0.6323487366161615,"{""max_depth"": null, ""min_samples_leaf"": 1, ""target_transform"": ""raw""}"
glucose,RGB_primary,ExtraTrees,2,raw,0.5259926843434343,"{""max_depth"": null, ""min_samples_leaf"": 1, ""target_transform"": ""raw""}"
glucose,HSV_primary,Ridge,2,log1p,1.0762531387235037,"{""alpha"": 0.1, ""target_transform"": ""log1p""}"
glucose,HSV_primary,ElasticNet,2,log1p,1.0839221177674427,"{""alpha"": 0.001, ""l1_ratio"": 0.2, ""target_transform"": ""log1p""}"
glucose,HSV_primary,SVR,2,raw,0.42843767387988196,"{""C"": 100.0, ""epsilon"": 0.01, ""target_transform"": ""raw""}"
glucose,HSV_primary,RandomForest,2,raw,0.36225596569032265,"{""max_depth"": 8, ""min_samples_leaf"": 1, ""target_transform"": ""raw""}"
glucose,HSV_primary,ExtraTrees,2,raw,0.36142673232323236,"{""max_depth"": null, ""min_samples_leaf"": 1, ""target_transform"": ""raw""}"
glucose,RGB_HSV_combined,Ridge,2,log1p,0.9361706570134605,"{""alpha"": 0.1, ""target_transform"": ""log1p""}"
glucose,RGB_HSV_combined,ElasticNet,2,log1p,0.9887412235404851,"{""alpha"": 0.001, ""l1_ratio"": 0.2, ""target_transform"": ""log1p""}"
glucose,RGB_HSV_combined,SVR,2,log1p,0.45932547511140986,"{""C"": 100.0, ""epsilon"": 0.01, ""target_transform"": ""log1p""}"
glucose,RGB_HSV_combined,RandomForest,2,raw,0.36836797979797986,"{""max_depth"": null, ""min_samples_leaf"": 1, ""target_transform"": ""raw""}"
glucose,RGB_HSV_combined,ExtraTrees,2,raw,0.3658569040404041,"{""max_depth"": null, ""min_samples_leaf"": 1, ""target_transform"": ""raw""}"
glucose,Chromaticity_secondary,ExtraTrees,2,log1p,0.5720543422042872,"{""max_depth"": null, ""min_samples_leaf"": 1, ""target_transform"": ""log1p""}"
glucose,Background_adjusted_secondary,ExtraTrees,2,raw,1.0667145,"{""max_depth"": null, ""min_samples_leaf"": 1, ""target_transform"": ""raw""}"
glucose,Background_negative_control,ExtraTrees,2,log1p,4.182600614359613,"{""max_depth"": null, ""min_samples_leaf"": 1, ""target_transform"": ""log1p""}"
glucose,RGB_primary,Ridge,3,log1p,1.4082967082947384,"{""alpha"": 0.1, ""target_transform"": ""log1p""}"
glucose,RGB_primary,ElasticNet,3,log1p,1.426018221593338,"{""alpha"": 0.001, ""l1_ratio"": 0.8, ""target_transform"": ""log1p""}"
glucose,RGB_primary,SVR,3,log1p,0.6735960963449033,"{""C"": 100.0, ""epsilon"": 0.01, ""target_transform"": ""log1p""}"
glucose,RGB_primary,RandomForest,3,log1p,0.6464536982171085,"{""max_depth"": null, ""min_samples_leaf"": 1, ""target_transform"": ""log1p""}"
glucose,RGB_primary,ExtraTrees,3,log1p,0.5531304755764783,"{""max_depth"": null, ""min_samples_leaf"": 1, ""target_transform"": ""log1p""}"
glucose,HSV_primary,Ridge,3,log1p,1.0915830568393474,"{""alpha"": 0.1, ""target_transform"": ""log1p""}"
glucose,HSV_primary,ElasticNet,3,log1p,1.098199661133781,"{""alpha"": 0.001, ""l1_ratio"": 0.2, ""target_transform"": ""log1p""}"
glucose,HSV_primary,SVR,3,raw,0.4183516353842395,"{""C"": 100.0, ""epsilon"": 0.01, ""target_transform"": ""raw""}"
glucose,HSV_primary,RandomForest,3,raw,0.35166687878787883,"{""max_depth"": null, ""min_samples_leaf"": 1, ""target_transform"": ""raw""}"
glucose,HSV_primary,ExtraTrees,3,log1p,0.3476220478807515,"{""max_depth"": null, ""min_samples_leaf"": 1, ""target_transform"": ""log1p""}"
glucose,RGB_HSV_combined,Ridge,3,log1p,0.9379686264229468,"{""alpha"": 0.1, ""target_transform"": ""log1p""}"
glucose,RGB_HSV_combined,ElasticNet,3,log1p,0.994631166618199,"{""alpha"": 0.001, ""l1_ratio"": 0.2, ""target_transform"": ""log1p""}"
glucose,RGB_HSV_combined,SVR,3,log1p,0.4348661028050224,"{""C"": 100.0, ""epsilon"": 0.01, ""target_transform"": ""log1p""}"
glucose,RGB_HSV_combined,RandomForest,3,log1p,0.35428938779664754,"{""max_depth"": null, ""min_samples_leaf"": 1, ""target_transform"": ""log1p""}"
glucose,RGB_HSV_combined,ExtraTrees,3,raw,0.35031350000000006,"{""max_depth"": null, ""min_samples_leaf"": 1, ""target_transform"": ""raw""}"
glucose,Chromaticity_secondary,ExtraTrees,3,log1p,0.5586247020083361,"{""max_depth"": null, ""min_samples_leaf"": 1, ""target_transform"": ""log1p""}"
glucose,Background_adjusted_secondary,ExtraTrees,3,raw,1.0266721060606059,"{""max_depth"": null, ""min_samples_leaf"": 1, ""target_transform"": ""raw""}"
glucose,Background_negative_control,ExtraTrees,3,log1p,4.090175638475857,"{""max_depth"": null, ""min_samples_leaf"": 3, ""target_transform"": ""log1p""}"
glucose,RGB_primary,Ridge,4,log1p,1.386609220958822,"{""alpha"": 0.1, ""target_transform"": ""log1p""}"
glucose,RGB_primary,ElasticNet,4,log1p,1.404287682076852,"{""alpha"": 0.001, ""l1_ratio"": 0.8, ""target_transform"": ""log1p""}"
glucose,RGB_primary,SVR,4,log1p,0.7265341420691603,"{""C"": 100.0, ""epsilon"": 0.1, ""target_transform"": ""log1p""}"
glucose,RGB_primary,RandomForest,4,raw,0.6692223657367323,"{""max_depth"": null, ""min_samples_leaf"": 1, ""target_transform"": ""raw""}"
glucose,RGB_primary,ExtraTrees,4,log1p,0.5534989738939761,"{""max_depth"": null, ""min_samples_leaf"": 1, ""target_transform"": ""log1p""}"
glucose,HSV_primary,Ridge,4,log1p,1.0823348402727924,"{""alpha"": 0.1, ""target_transform"": ""log1p""}"
glucose,HSV_primary,ElasticNet,4,log1p,1.0892875429385236,"{""alpha"": 0.001, ""l1_ratio"": 0.2, ""target_transform"": ""log1p""}"
glucose,HSV_primary,SVR,4,raw,0.4398731088048565,"{""C"": 100.0, ""epsilon"": 0.01, ""target_transform"": ""raw""}"
glucose,HSV_primary,RandomForest,4,raw,0.3865128484848486,"{""max_depth"": null, ""min_samples_leaf"": 1, ""target_transform"": ""raw""}"
glucose,HSV_primary,ExtraTrees,4,raw,0.3894860656565656,"{""max_depth"": null, ""min_samples_leaf"": 1, ""target_transform"": ""raw""}"
glucose,RGB_HSV_combined,Ridge,4,log1p,0.9708433841857463,"{""alpha"": 0.1, ""target_transform"": ""log1p""}"
glucose,RGB_HSV_combined,ElasticNet,4,log1p,1.0153984970600294,"{""alpha"": 0.001, ""l1_ratio"": 0.2, ""target_transform"": ""log1p""}"
glucose,RGB_HSV_combined,SVR,4,raw,0.4710339601638106,"{""C"": 100.0, ""epsilon"": 0.01, ""target_transform"": ""raw""}"
glucose,RGB_HSV_combined,RandomForest,4,raw,0.38029430303030304,"{""max_depth"": null, ""min_samples_leaf"": 1, ""target_transform"": ""raw""}"
glucose,RGB_HSV_combined,ExtraTrees,4,raw,0.37311860101010097,"{""max_depth"": null, ""min_samples_leaf"": 1, ""target_transform"": ""raw""}"
glucose,Chromaticity_secondary,ExtraTrees,4,log1p,0.5835997857647804,"{""max_depth"": null, ""min_samples_leaf"": 1, ""target_transform"": ""log1p""}"
glucose,Background_adjusted_secondary,ExtraTrees,4,log1p,1.0786099284245443,"{""max_depth"": null, ""min_samples_leaf"": 1, ""target_transform"": ""log1p""}"
glucose,Background_negative_control,ExtraTrees,4,log1p,3.982722611036066,"{""max_depth"": null, ""min_samples_leaf"": 1, ""target_transform"": ""log1p""}"
glucose,RGB_primary,Ridge,5,log1p,1.3762992559684688,"{""alpha"": 0.1, ""target_transform"": ""log1p""}"
glucose,RGB_primary,ElasticNet,5,log1p,1.3943319667279135,"{""alpha"": 0.001, ""l1_ratio"": 0.8, ""target_transform"": ""log1p""}"
glucose,RGB_primary,SVR,5,log1p,0.717104425747638,"{""C"": 100.0, ""epsilon"": 0.01, ""target_transform"": ""log1p""}"
glucose,RGB_primary,RandomForest,5,log1p,0.7050938113525368,"{""max_depth"": null, ""min_samples_leaf"": 1, ""target_transform"": ""log1p""}"
glucose,RGB_primary,ExtraTrees,5,log1p,0.5864209906324162,"{""max_depth"": null, ""min_samples_leaf"": 1, ""target_transform"": ""log1p""}"
glucose,HSV_primary,Ridge,5,log1p,1.0668151772787455,"{""alpha"": 0.1, ""target_transform"": ""log1p""}"
glucose,HSV_primary,ElasticNet,5,log1p,1.074076446969542,"{""alpha"": 0.001, ""l1_ratio"": 0.2, ""target_transform"": ""log1p""}"
glucose,HSV_primary,SVR,5,log1p,0.4501711710794375,"{""C"": 100.0, ""epsilon"": 0.01, ""target_transform"": ""log1p""}"
glucose,HSV_primary,RandomForest,5,raw,0.3834038030303031,"{""max_depth"": null, ""min_samples_leaf"": 1, ""target_transform"": ""raw""}"
glucose,HSV_primary,ExtraTrees,5,raw,0.37936932323232325,"{""max_depth"": null, ""min_samples_leaf"": 1, ""target_transform"": ""raw""}"
glucose,RGB_HSV_combined,Ridge,5,log1p,0.9425211957096723,"{""alpha"": 0.1, ""target_transform"": ""log1p""}"
glucose,RGB_HSV_combined,ElasticNet,5,log1p,0.990794005376759,"{""alpha"": 0.001, ""l1_ratio"": 0.2, ""target_transform"": ""log1p""}"
glucose,RGB_HSV_combined,SVR,5,log1p,0.4653271146253092,"{""C"": 100.0, ""epsilon"": 0.01, ""target_transform"": ""log1p""}"
glucose,RGB_HSV_combined,RandomForest,5,raw,0.3858699242424243,"{""max_depth"": null, ""min_samples_leaf"": 1, ""target_transform"": ""raw""}"
glucose,RGB_HSV_combined,ExtraTrees,5,raw,0.3801480252525252,"{""max_depth"": null, ""min_samples_leaf"": 1, ""target_transform"": ""raw""}"
glucose,Chromaticity_secondary,ExtraTrees,5,raw,0.6006565353535354,"{""max_depth"": null, ""min_samples_leaf"": 1, ""target_transform"": ""raw""}"
glucose,Background_adjusted_secondary,ExtraTrees,5,raw,1.1773977424242426,"{""max_depth"": null, ""min_samples_leaf"": 1, ""target_transform"": ""raw""}"
glucose,Background_negative_control,ExtraTrees,5,log1p,4.090039827984607,"{""max_depth"": null, ""min_samples_leaf"": 1, ""target_transform"": ""log1p""}"
ketone,RGB_primary,Ridge,1,log1p,0.7185889524785141,"{""alpha"": 0.1, ""target_transform"": ""log1p""}"
ketone,RGB_primary,ElasticNet,1,log1p,0.7204412786090263,"{""alpha"": 0.001, ""l1_ratio"": 0.2, ""target_transform"": ""log1p""}"
ketone,RGB_primary,SVR,1,raw,0.15298881495050104,"{""C"": 100.0, ""epsilon"": 0.01, ""target_transform"": ""raw""}"
ketone,RGB_primary,RandomForest,1,log1p,0.1437866306834983,"{""max_depth"": null, ""min_samples_leaf"": 1, ""target_transform"": ""log1p""}"
ketone,RGB_primary,ExtraTrees,1,log1p,0.09303740154621355,"{""max_depth"": null, ""min_samples_leaf"": 1, ""target_transform"": ""log1p""}"
ketone,HSV_primary,Ridge,1,log1p,0.46053740649785774,"{""alpha"": 10.0, ""target_transform"": ""log1p""}"
ketone,HSV_primary,ElasticNet,1,log1p,0.45432300462521436,"{""alpha"": 0.01, ""l1_ratio"": 0.8, ""target_transform"": ""log1p""}"
ketone,HSV_primary,SVR,1,log1p,0.1097478101850041,"{""C"": 100.0, ""epsilon"": 0.01, ""target_transform"": ""log1p""}"
ketone,HSV_primary,RandomForest,1,raw,0.04057977777777779,"{""max_depth"": null, ""min_samples_leaf"": 1, ""target_transform"": ""raw""}"
ketone,HSV_primary,ExtraTrees,1,log1p,0.04469715403826482,"{""max_depth"": null, ""min_samples_leaf"": 1, ""target_transform"": ""log1p""}"
ketone,RGB_HSV_combined,Ridge,1,log1p,0.36427923025146486,"{""alpha"": 10.0, ""target_transform"": ""log1p""}"
ketone,RGB_HSV_combined,ElasticNet,1,log1p,0.36719662441701567,"{""alpha"": 0.01, ""l1_ratio"": 0.2, ""target_transform"": ""log1p""}"
ketone,RGB_HSV_combined,SVR,1,raw,0.12306443232130886,"{""C"": 100.0, ""epsilon"": 0.01, ""target_transform"": ""raw""}"
ketone,RGB_HSV_combined,RandomForest,1,raw,0.042304944444444464,"{""max_depth"": null, ""min_samples_leaf"": 1, ""target_transform"": ""raw""}"
ketone,RGB_HSV_combined,ExtraTrees,1,log1p,0.0482519038345363,"{""max_depth"": null, ""min_samples_leaf"": 1, ""target_transform"": ""log1p""}"
ketone,Chromaticity_secondary,ExtraTrees,1,log1p,0.07597849953643543,"{""max_depth"": null, ""min_samples_leaf"": 1, ""target_transform"": ""log1p""}"
ketone,Background_adjusted_secondary,ExtraTrees,1,raw,0.16130029861111111,"{""max_depth"": null, ""min_samples_leaf"": 1, ""target_transform"": ""raw""}"
ketone,Background_negative_control,ExtraTrees,1,log1p,0.9286474449079332,"{""max_depth"": null, ""min_samples_leaf"": 1, ""target_transform"": ""log1p""}"
ketone,RGB_primary,Ridge,2,log1p,0.7158136079073472,"{""alpha"": 0.1, ""target_transform"": ""log1p""}"
ketone,RGB_primary,ElasticNet,2,log1p,0.7177143862005145,"{""alpha"": 0.001, ""l1_ratio"": 0.2, ""target_transform"": ""log1p""}"
ketone,RGB_primary,SVR,2,raw,0.1638949877203674,"{""C"": 100.0, ""epsilon"": 0.01, ""target_transform"": ""raw""}"
ketone,RGB_primary,RandomForest,2,raw,0.147964072337963,"{""max_depth"": null, ""min_samples_leaf"": 1, ""target_transform"": ""raw""}"
ketone,RGB_primary,ExtraTrees,2,raw,0.10201017708333333,"{""max_depth"": null, ""min_samples_leaf"": 1, ""target_transform"": ""raw""}"
ketone,HSV_primary,Ridge,2,log1p,0.47386561657908033,"{""alpha"": 10.0, ""target_transform"": ""log1p""}"
ketone,HSV_primary,ElasticNet,2,log1p,0.4653804395389284,"{""alpha"": 0.01, ""l1_ratio"": 0.8, ""target_transform"": ""log1p""}"
ketone,HSV_primary,SVR,2,raw,0.13163977479013803,"{""C"": 100.0, ""epsilon"": 0.01, ""target_transform"": ""raw""}"
ketone,HSV_primary,RandomForest,2,raw,0.04314669444444447,"{""max_depth"": null, ""min_samples_leaf"": 1, ""target_transform"": ""raw""}"
ketone,HSV_primary,ExtraTrees,2,log1p,0.048056777515085775,"{""max_depth"": null, ""min_samples_leaf"": 1, ""target_transform"": ""log1p""}"
ketone,RGB_HSV_combined,Ridge,2,log1p,0.36637716332986525,"{""alpha"": 10.0, ""target_transform"": ""log1p""}"
ketone,RGB_HSV_combined,ElasticNet,2,log1p,0.3712670719419936,"{""alpha"": 0.01, ""l1_ratio"": 0.2, ""target_transform"": ""log1p""}"
ketone,RGB_HSV_combined,SVR,2,raw,0.14119750987953605,"{""C"": 100.0, ""epsilon"": 0.01, ""target_transform"": ""raw""}"
ketone,RGB_HSV_combined,RandomForest,2,raw,0.04149893055555557,"{""max_depth"": null, ""min_samples_leaf"": 1, ""target_transform"": ""raw""}"
ketone,RGB_HSV_combined,ExtraTrees,2,raw,0.05145922222222223,"{""max_depth"": null, ""min_samples_leaf"": 1, ""target_transform"": ""raw""}"
ketone,Chromaticity_secondary,ExtraTrees,2,log1p,0.08551461075431308,"{""max_depth"": null, ""min_samples_leaf"": 1, ""target_transform"": ""log1p""}"
ketone,Background_adjusted_secondary,ExtraTrees,2,raw,0.15501236805555557,"{""max_depth"": null, ""min_samples_leaf"": 1, ""target_transform"": ""raw""}"
ketone,Background_negative_control,ExtraTrees,2,log1p,0.9073703656692815,"{""max_depth"": null, ""min_samples_leaf"": 1, ""target_transform"": ""log1p""}"
ketone,RGB_primary,Ridge,3,log1p,0.7117159077813275,"{""alpha"": 0.1, ""target_transform"": ""log1p""}"
ketone,RGB_primary,ElasticNet,3,log1p,0.7137476278484363,"{""alpha"": 0.001, ""l1_ratio"": 0.2, ""target_transform"": ""log1p""}"
ketone,RGB_primary,SVR,3,raw,0.15211450291406614,"{""C"": 100.0, ""epsilon"": 0.01, ""target_transform"": ""raw""}"
ketone,RGB_primary,RandomForest,3,log1p,0.1280479093307472,"{""max_depth"": 8, ""min_samples_leaf"": 1, ""target_transform"": ""log1p""}"
ketone,RGB_primary,ExtraTrees,3,log1p,0.086151283216223,"{""max_depth"": null, ""min_samples_leaf"": 1, ""target_transform"": ""log1p""}"
ketone,HSV_primary,Ridge,3,log1p,0.45880424193914615,"{""alpha"": 1.0, ""target_transform"": ""log1p""}"
ketone,HSV_primary,ElasticNet,3,log1p,0.45339889399443356,"{""alpha"": 0.01, ""l1_ratio"": 0.8, ""target_transform"": ""log1p""}"
ketone,HSV_primary,SVR,3,raw,0.11404435905920632,"{""C"": 100.0, ""epsilon"": 0.01, ""target_transform"": ""raw""}"
ketone,HSV_primary,RandomForest,3,raw,0.03744561805555556,"{""max_depth"": null, ""min_samples_leaf"": 1, ""target_transform"": ""raw""}"
ketone,HSV_primary,ExtraTrees,3,raw,0.043035090277777785,"{""max_depth"": null, ""min_samples_leaf"": 1, ""target_transform"": ""raw""}"
ketone,RGB_HSV_combined,Ridge,3,log1p,0.35391655809680433,"{""alpha"": 10.0, ""target_transform"": ""log1p""}"
ketone,RGB_HSV_combined,ElasticNet,3,log1p,0.3587372827375093,"{""alpha"": 0.001, ""l1_ratio"": 0.8, ""target_transform"": ""log1p""}"
ketone,RGB_HSV_combined,SVR,3,raw,0.12068349898803934,"{""C"": 100.0, ""epsilon"": 0.01, ""target_transform"": ""raw""}"
ketone,RGB_HSV_combined,RandomForest,3,raw,0.03794419444444445,"{""max_depth"": null, ""min_samples_leaf"": 1, ""target_transform"": ""raw""}"
ketone,RGB_HSV_combined,ExtraTrees,3,raw,0.04394650000000001,"{""max_depth"": null, ""min_samples_leaf"": 1, ""target_transform"": ""raw""}"
ketone,Chromaticity_secondary,ExtraTrees,3,raw,0.06620465277777778,"{""max_depth"": null, ""min_samples_leaf"": 1, ""target_transform"": ""raw""}"
ketone,Background_adjusted_secondary,ExtraTrees,3,raw,0.14493426041666668,"{""max_depth"": null, ""min_samples_leaf"": 1, ""target_transform"": ""raw""}"
ketone,Background_negative_control,ExtraTrees,3,raw,0.8999595081018519,"{""max_depth"": null, ""min_samples_leaf"": 1, ""target_transform"": ""raw""}"
ketone,RGB_primary,Ridge,4,log1p,0.7195148688697797,"{""alpha"": 0.1, ""target_transform"": ""log1p""}"
ketone,RGB_primary,ElasticNet,4,log1p,0.7213810600215366,"{""alpha"": 0.001, ""l1_ratio"": 0.2, ""target_transform"": ""log1p""}"
ketone,RGB_primary,SVR,4,raw,0.16170043163866135,"{""C"": 100.0, ""epsilon"": 0.01, ""target_transform"": ""raw""}"
ketone,RGB_primary,RandomForest,4,raw,0.13659825347222224,"{""max_depth"": null, ""min_samples_leaf"": 1, ""target_transform"": ""raw""}"
ketone,RGB_primary,ExtraTrees,4,raw,0.08516369444444445,"{""max_depth"": null, ""min_samples_leaf"": 1, ""target_transform"": ""raw""}"
ketone,HSV_primary,Ridge,4,log1p,0.426633570816721,"{""alpha"": 0.1, ""target_transform"": ""log1p""}"
ketone,HSV_primary,ElasticNet,4,log1p,0.4258941475739667,"{""alpha"": 0.01, ""l1_ratio"": 0.8, ""target_transform"": ""log1p""}"
ketone,HSV_primary,SVR,4,raw,0.11568957568157257,"{""C"": 100.0, ""epsilon"": 0.01, ""target_transform"": ""raw""}"
ketone,HSV_primary,RandomForest,4,raw,0.02829377083333335,"{""max_depth"": null, ""min_samples_leaf"": 1, ""target_transform"": ""raw""}"
ketone,HSV_primary,ExtraTrees,4,log1p,0.03545766762839804,"{""max_depth"": null, ""min_samples_leaf"": 1, ""target_transform"": ""log1p""}"
ketone,RGB_HSV_combined,Ridge,4,log1p,0.35682657569041015,"{""alpha"": 10.0, ""target_transform"": ""log1p""}"
ketone,RGB_HSV_combined,ElasticNet,4,log1p,0.3583605608980546,"{""alpha"": 0.01, ""l1_ratio"": 0.2, ""target_transform"": ""log1p""}"
ketone,RGB_HSV_combined,SVR,4,raw,0.12992698565583977,"{""C"": 100.0, ""epsilon"": 0.01, ""target_transform"": ""raw""}"
ketone,RGB_HSV_combined,RandomForest,4,raw,0.028964687500000013,"{""max_depth"": null, ""min_samples_leaf"": 1, ""target_transform"": ""raw""}"
ketone,RGB_HSV_combined,ExtraTrees,4,log1p,0.03748107265750754,"{""max_depth"": null, ""min_samples_leaf"": 1, ""target_transform"": ""log1p""}"
ketone,Chromaticity_secondary,ExtraTrees,4,log1p,0.06623157141169536,"{""max_depth"": null, ""min_samples_leaf"": 1, ""target_transform"": ""log1p""}"
ketone,Background_adjusted_secondary,ExtraTrees,4,log1p,0.14048566234055965,"{""max_depth"": null, ""min_samples_leaf"": 1, ""target_transform"": ""log1p""}"
ketone,Background_negative_control,ExtraTrees,4,raw,0.9456424462962962,"{""max_depth"": null, ""min_samples_leaf"": 1, ""target_transform"": ""raw""}"
ketone,RGB_primary,Ridge,5,log1p,0.7230143443578703,"{""alpha"": 0.1, ""target_transform"": ""log1p""}"
ketone,RGB_primary,ElasticNet,5,log1p,0.7249164821618093,"{""alpha"": 0.001, ""l1_ratio"": 0.2, ""target_transform"": ""log1p""}"
ketone,RGB_primary,SVR,5,raw,0.1577347919611841,"{""C"": 100.0, ""epsilon"": 0.01, ""target_transform"": ""raw""}"
ketone,RGB_primary,RandomForest,5,raw,0.1528630349702381,"{""max_depth"": null, ""min_samples_leaf"": 1, ""target_transform"": ""raw""}"
ketone,RGB_primary,ExtraTrees,5,log1p,0.09440599276694711,"{""max_depth"": null, ""min_samples_leaf"": 1, ""target_transform"": ""log1p""}"
ketone,HSV_primary,Ridge,5,log1p,0.46151812776244616,"{""alpha"": 0.1, ""target_transform"": ""log1p""}"
ketone,HSV_primary,ElasticNet,5,log1p,0.45819123568145903,"{""alpha"": 0.01, ""l1_ratio"": 0.8, ""target_transform"": ""log1p""}"
ketone,HSV_primary,SVR,5,log1p,0.1180306148363772,"{""C"": 100.0, ""epsilon"": 0.01, ""target_transform"": ""log1p""}"
ketone,HSV_primary,RandomForest,5,raw,0.024518381944444462,"{""max_depth"": null, ""min_samples_leaf"": 1, ""target_transform"": ""raw""}"
ketone,HSV_primary,ExtraTrees,5,log1p,0.036422829702835904,"{""max_depth"": null, ""min_samples_leaf"": 1, ""target_transform"": ""log1p""}"
ketone,RGB_HSV_combined,Ridge,5,log1p,0.364317925243275,"{""alpha"": 10.0, ""target_transform"": ""log1p""}"
ketone,RGB_HSV_combined,ElasticNet,5,log1p,0.36857472721210227,"{""alpha"": 0.01, ""l1_ratio"": 0.2, ""target_transform"": ""log1p""}"
ketone,RGB_HSV_combined,SVR,5,raw,0.12764466622508053,"{""C"": 100.0, ""epsilon"": 0.01, ""target_transform"": ""raw""}"
ketone,RGB_HSV_combined,RandomForest,5,raw,0.025393277777777796,"{""max_depth"": null, ""min_samples_leaf"": 1, ""target_transform"": ""raw""}"
ketone,RGB_HSV_combined,ExtraTrees,5,log1p,0.04191822854759236,"{""max_depth"": null, ""min_samples_leaf"": 1, ""target_transform"": ""log1p""}"
ketone,Chromaticity_secondary,ExtraTrees,5,log1p,0.07406896631199744,"{""max_depth"": null, ""min_samples_leaf"": 1, ""target_transform"": ""log1p""}"
ketone,Background_adjusted_secondary,ExtraTrees,5,raw,0.14955922222222223,"{""max_depth"": null, ""min_samples_leaf"": 1, ""target_transform"": ""raw""}"
ketone,Background_negative_control,ExtraTrees,5,raw,0.9699034950231482,"{""max_depth"": null, ""min_samples_leaf"": 1, ""target_transform"": ""raw""}"
