analyte,feature_set,model,evaluation_unit,mae_mean,mae_std,rmse_mean,rmse_std,r2_mean,r2_std,spearman_rho_mean,spearman_rho_std,normalized_mae_mean,normalized_mae_std,normalized_rmse_mean,normalized_rmse_std,mean_absolute_log1p_error_mean,mean_absolute_log1p_error_std,unclipped_mae_mean,unclipped_mae_std,clipped_fraction_mean,clipped_fraction_std,fit_seconds_mean,fit_seconds_std,predict_seconds_mean,predict_seconds_std,inner_best_mae_mean,inner_best_mae_std
glucose,Background_adjusted_secondary,ExtraTrees,concentration_median,0.5959874260812781,0.07019514901941121,1.1455478711371978,0.2404008590732615,0.9695554632389444,0.01309754561492965,0.9272727272727274,0.02132007163556105,0.029799371304063904,0.003509757450970559,0.05727739355685989,0.012020042953663074,0.10051267418879564,0.011556538865171075,0.5959874260812781,0.07019514901941121,0.0,0.0,3.6894627800036686,0.1475053418980089,0.009838899999158457,0.0006600488048308867,1.089870518024282,0.05572212295515103
glucose,Background_adjusted_secondary,ExtraTrees,patch,1.015019980662694,0.056802136424638536,2.077912286652807,0.20967489299193834,0.9024509640960355,0.019241086842987608,0.8713510896048146,0.016841879906094426,0.0507509990331347,0.002840106821231919,0.10389561433264034,0.010483744649596897,0.18735468917599513,0.004668609559441703,1.015019980662694,0.056802136424638536,0.0,0.0,3.6894627800036686,0.1475053418980089,0.009838899999158457,0.0006600488048308867,1.089870518024282,0.05572212295515103
glucose,Background_negative_control,ExtraTrees,concentration_median,3.4576513484039397,0.4651379891819169,5.781387048324179,0.6170784177338431,0.24412573860625691,0.16213655491062715,0.766584780958709,0.12919262605413231,0.17288256742019698,0.023256899459095842,0.28906935241620896,0.03085392088669216,0.6183046358925293,0.10455103452039435,3.4576513484039397,0.4651379891819169,0.0,0.0,3.6441749999998136,0.14841376338120826,0.009705100001883692,0.0009191979964297018,4.092889959370076,0.07224513316484377
glucose,Background_negative_control,ExtraTrees,patch,4.134268386939588,0.2851310843399424,6.618615402854411,0.4053646334387917,0.015352326850731601,0.1225644764422281,0.3967690091335146,0.05322284437238853,0.20671341934697943,0.014256554216997116,0.33093077014272054,0.02026823167193958,0.8056687715086447,0.040281303981844555,4.134268386939588,0.2851310843399424,0.0,0.0,3.6441749999998136,0.14841376338120826,0.009705100001883692,0.0009191979964297018,4.092889959370076,0.07224513316484377
glucose,Baseline,DummyMean,concentration_median,5.510082644628099,0.0,6.680013980289226,0.0,0.0,0.0,,,0.27550413223140496,5.551115123125783e-17,0.3340006990144613,0.0,1.1671083184368773,0.0,5.510082644628099,0.0,0.0,0.0,0.0028686000005109236,0.005801720436349405,2.414000337012112e-05,6.103522530976048e-06,,
glucose,Baseline,DummyMean,patch,5.510082644628099,0.0,6.680013980289226,0.0,0.0,0.0,,,0.27550413223140496,5.551115123125783e-17,0.3340006990144613,0.0,1.1671083184368771,2.220446049250313e-16,5.510082644628099,0.0,0.0,0.0,0.0028686000005109236,0.005801720436349405,2.414000337012112e-05,6.103522530976048e-06,,
glucose,Chromaticity_secondary,ExtraTrees,concentration_median,0.37500512061588376,0.112274454234532,0.7711358002645274,0.2493965005720054,0.9855586741918367,0.008529863616197635,0.9436363636363637,0.004065578140908637,0.018750256030794187,0.0056137227117266,0.03855679001322637,0.012469825028600272,0.07325658528022508,0.008151599556249832,0.37500512061588376,0.112274454234532,0.0,0.0,3.1794116799981564,0.046418331953728624,0.00935903999779839,0.0003648918207047715,0.577311704215837,0.015761698836939904
glucose,Chromaticity_secondary,ExtraTrees,patch,0.5725219640532294,0.05882091988333059,1.3344811264391794,0.0681940569998799,0.9600076923089563,0.004115455335537966,0.8953980780554962,0.006493644055362601,0.02862609820266147,0.002941045994166529,0.06672405632195896,0.003409702849993998,0.10599584469237464,0.00319542997540865,0.5725219640532294,0.05882091988333059,0.0,0.0,3.1794116799981564,0.046418331953728624,0.00935903999779839,0.0003648918207047715,0.577311704215837,0.015761698836939904
glucose,HSV_primary,ElasticNet,concentration_median,1.0291259039763339,0.06862434667770577,1.8220046631242837,0.06341111707956455,0.9255328297106867,0.005218666955561033,0.9381818181818182,0.00406557814090863,0.05145629519881669,0.003431217333885288,0.09110023315621418,0.003170555853978228,0.1470701666304809,0.009843606418011096,1.0316459742217714,0.06968034155957407,0.09090909090909091,0.0,0.2764216599985957,0.015576712538808572,0.0013764600007561967,0.00014101071818996765,1.088892711106641,0.01040087066443558
glucose,HSV_primary,ElasticNet,patch,1.078513946456764,0.035077431603213444,1.8832468046992894,0.05854402654058739,0.92045820948046,0.004999545128450355,0.9059933225198282,0.00544599696020292,0.053925697322838195,0.0017538715801606755,0.09416234023496448,0.0029272013270293705,0.1660167301255247,0.0037248058858761483,1.0874647280182361,0.03472237676141666,0.08803827751196172,0.0054553848090867834,0.2764216599985957,0.015576712538808572,0.0013764600007561967,0.00014101071818996765,1.088892711106641,0.01040087066443558
glucose,HSV_primary,ExtraTrees,concentration_median,0.11805139346064504,0.016335826289282495,0.21074575348471977,0.029726337264654516,0.9989888372689102,0.00028396204607065756,0.9454545454545455,0.0,0.005902569673032252,0.0008167913144641242,0.01053728767423599,0.001486316863232725,0.04968883618514493,0.005661416929285123,0.11805139346064504,0.016335826289282495,0.0,0.0,3.7578399799967883,0.079926615090559,0.008910880004987121,0.00038503707398844994,0.36773652169736243,0.01659205489226182
glucose,HSV_primary,ExtraTrees,patch,0.35221277780639504,0.05005775258870385,0.9174549342097752,0.1179999657063765,0.9808871961167094,0.004803493691236805,0.9150146252775281,0.008345292365695405,0.017610638890319753,0.002502887629435191,0.04587274671048876,0.005899998285318827,0.08129713831426677,0.0052657748336265115,0.35221277780639504,0.05005775258870385,0.0,0.0,3.7578399799967883,0.079926615090559,0.008910880004987121,0.00038503707398844994,0.36773652169736243,0.01659205489226182
glucose,HSV_primary,RandomForest,concentration_median,0.12184072900977486,0.0369243620681118,0.2206409661584114,0.07282204525623588,0.9988139442378763,0.0008194565370025313,0.9454545454545455,0.0,0.006092036450488743,0.00184621810340559,0.01103204830792057,0.0036411022628117934,0.05207885993370798,0.00585973262659403,0.12184072900977486,0.0369243620681118,0.0,0.0,6.0784686800005145,0.12023279543413531,0.00996434000262525,0.003062450841304121,0.3708987739461454,0.014532710806000129
glucose,HSV_primary,RandomForest,patch,0.3432931770427415,0.04057429117200364,0.934311035283218,0.09754310589764517,0.9802667460525807,0.00410751576766733,0.9182246611524445,0.006273953177747094,0.017164658852137075,0.002028714558600182,0.04671555176416091,0.004877155294882261,0.07973575996993518,0.005954458358478587,0.3432931770427415,0.04057429117200364,0.0,0.0,6.0784686800005145,0.12023279543413531,0.00996434000262525,0.003062450841304121,0.3708987739461454,0.014532710806000129
glucose,HSV_primary,Ridge,concentration_median,1.0229637784583114,0.07057982535463517,1.804999947383792,0.0625595523191597,0.9269169269717065,0.005096253283057517,0.9381818181818182,0.00406557814090863,0.051148188922915575,0.003528991267731761,0.09024999736918961,0.0031279776159579857,0.14709572789670872,0.010381423831523956,1.025593386758107,0.07180490050929192,0.09090909090909091,0.0,0.1273185600002762,0.009099709097764086,0.0014010600018082187,0.00042262236644443664,1.081680876893678,0.010532629133673765
glucose,HSV_primary,Ridge,patch,1.0709963600165364,0.03542479887025746,1.865798587968106,0.058308583479165094,0.9219246454489196,0.0049341705157973995,0.9062412151751573,0.005801483138909949,0.053549818000826824,0.001771239943512868,0.0932899293984053,0.0029154291739582564,0.16586078934051804,0.0038444393363192475,1.080205994361269,0.03501758011541243,0.08899521531100478,0.004279555937798636,0.1273185600002762,0.009099709097764086,0.0014010600018082187,0.00042262236644443664,1.081680876893678,0.010532629133673765
glucose,HSV_primary,SVR,concentration_median,0.201302156051615,0.04862490202522366,0.35611959967080054,0.1334261068944587,0.9968387491568809,0.0022339812624273124,0.9400000000000001,0.008131156281817327,0.010065107802580752,0.002431245101261183,0.017805979983540027,0.006671305344722936,0.0651597600383814,0.00520900876537054,0.201302156051615,0.04862490202522366,0.0,0.0,2.9599114000069675,0.10115992971904458,0.00798087999864947,0.0010015712769278235,0.4358094397494591,0.012479022294801929
glucose,HSV_primary,SVR,patch,0.42146074430031416,0.035407879586547515,0.927367960236635,0.07033177370323712,0.9806383125051081,0.002958463542511074,0.9137478346388608,0.00840052772009751,0.02107303721501571,0.001770393979327375,0.04636839801183175,0.0035165886851618554,0.09314775997550033,0.005250444265946386,0.43786278589601135,0.035520692905339164,0.04526315789473684,0.016476290360524764,2.9599114000069675,0.10115992971904458,0.00798087999864947,0.0010015712769278235,0.4358094397494591,0.012479022294801929
glucose,RGB_HSV_combined,ElasticNet,concentration_median,0.9251594581671391,0.040765366949502606,1.6117851801898824,0.05782035191044214,0.9417217555190154,0.004138361256880922,0.9358795485979734,0.0010824531510988437,0.04625797290835696,0.002038268347475131,0.0805892590094941,0.002891017595522106,0.1364755598864814,0.004913025058081639,0.9279582641711075,0.04246153219526542,0.09090909090909091,0.0642824346533225,0.37915420000208544,0.03132394946529406,0.0015814799960935488,0.0004238475140136634,0.9969417041162,0.01065676954494601
glucose,RGB_HSV_combined,ElasticNet,patch,0.9857001454479601,0.03750762563115426,1.7207333985748428,0.05115123301197634,0.9335982783181361,0.003927975169562935,0.9011822329048366,0.008409393970172326,0.049285007272398006,0.0018753812815577129,0.08603666992874212,0.0025575616505988147,0.1548672545041761,0.003822544572805204,0.995112568602249,0.03738481563720733,0.09478468899521532,0.010323735743404156,0.37915420000208544,0.03132394946529406,0.0015814799960935488,0.0004238475140136634,0.9969417041162,0.01065676954494601
glucose,RGB_HSV_combined,ExtraTrees,concentration_median,0.10857939393939393,0.023838461025384384,0.1940111894054198,0.04539713204630388,0.999119525242017,0.00041359455403307266,0.9454545454545455,0.0,0.005428969696969697,0.001191923051269219,0.00970055947027099,0.002269856602315194,0.047183850346996306,0.008291550406878852,0.10857939393939393,0.023838461025384384,0.0,0.0,4.387755199996173,0.14509371348795663,0.008804659999441355,0.0006312860452542303,0.365234398989899,0.012039912927007365
glucose,RGB_HSV_combined,ExtraTrees,patch,0.3452157192982456,0.04387517515757246,0.8809524959709872,0.10635210791204987,0.9824051904303645,0.0042105316335751646,0.9163620161749751,0.009009404017601988,0.017260785964912283,0.0021937587578786215,0.04404762479854936,0.005317605395602496,0.08132285472116445,0.004806600355183478,0.3452157192982456,0.04387517515757246,0.0,0.0,4.387755199996173,0.14509371348795663,0.008804659999441355,0.0006312860452542303,0.365234398989899,0.012039912927007365
glucose,RGB_HSV_combined,RandomForest,concentration_median,0.11435790178000063,0.026412918595027507,0.20761958433654285,0.0654746295022379,0.9989571327695647,0.0007231399609323975,0.9454545454545455,0.0,0.005717895089000032,0.0013206459297513756,0.010380979216827142,0.0032737314751118953,0.05009659294505566,0.0031809911381217746,0.11435790178000063,0.026412918595027507,0.0,0.0,7.648513480002293,0.18808162853273233,0.008047579994308763,0.0009707810454022707,0.37235740079165275,0.012127664188725119
glucose,RGB_HSV_combined,RandomForest,patch,0.35064026559994177,0.058242247814188366,0.943641665048142,0.15070098323880773,0.9796374821200338,0.006502290167071905,0.9174188964266966,0.005486815292764647,0.017532013279997087,0.002912112390709418,0.0471820832524071,0.007535049161940391,0.07974065160208808,0.005711262823163384,0.35064026559994177,0.058242247814188366,0.0,0.0,7.648513480002293,0.18808162853273233,0.008047579994308763,0.0009707810454022707,0.37235740079165275,0.012127664188725119
glucose,RGB_HSV_combined,Ridge,concentration_median,0.8454047401273439,0.04346685184223473,1.4883493318534051,0.09789907750150594,0.9501855164012651,0.006487641488508486,0.9376977304161551,0.007824534710037169,0.042270237006367194,0.002173342592111734,0.07441746659267026,0.004894953875075296,0.12961043406701092,0.002324021541213557,0.8483422294946446,0.043254694379584145,0.10909090909090909,0.040655781409087086,0.1264847800048301,0.004837903946448521,0.001250640000216663,6.196630858012137e-05,0.9437417000187365,0.015682936120940093
glucose,RGB_HSV_combined,Ridge,patch,0.9289285779478742,0.040425509861289774,1.6456296023170403,0.05030621072252995,0.9392657047552122,0.003712378894265027,0.8992207163146386,0.009237385924864823,0.04644642889739371,0.0020212754930644876,0.08228148011585201,0.002515310536126497,0.15066416968917315,0.0037570204148525883,0.9396133683049085,0.04045399635878431,0.10143540669856459,0.010372958559176464,0.1264847800048301,0.004837903946448521,0.001250640000216663,6.196630858012137e-05,0.9437417000187365,0.015682936120940093
glucose,RGB_HSV_combined,SVR,concentration_median,0.2020567449598932,0.036860827668184125,0.3475588545557529,0.0956084174931289,0.9971290339213823,0.0015338671763540277,0.9418181818181818,0.004979295977319616,0.010102837247994661,0.0018430413834092058,0.017377942727787643,0.004780420874656445,0.06291585548760795,0.004563696033803862,0.2020567449598932,0.036860827668184125,0.0,0.0,3.0103851799969563,0.09548091209346374,0.008636720004142262,0.0026054521964235435,0.4580593918065322,0.013816021294247086
glucose,RGB_HSV_combined,SVR,patch,0.4348737122295864,0.03855984236747253,0.9397007929851761,0.08982607783255055,0.9800663156487991,0.003864543997630688,0.9136349206124283,0.007288546284160145,0.02174368561147932,0.0019279921183736272,0.0469850396492588,0.004491303891627527,0.09500958585603492,0.005761837136932512,0.45453893794881645,0.03641934099770981,0.05569377990430622,0.020382999751665586,3.0103851799969563,0.09548091209346374,0.008636720004142262,0.0026054521964235435,0.4580593918065322,0.013816021294247086
glucose,RGB_primary,ElasticNet,concentration_median,1.3537849538604505,0.04787994906136258,2.3951829000039493,0.09120481489411174,0.8712859071169372,0.009650393786630379,0.9163636363636364,0.013483997249264915,0.06768924769302251,0.0023939974530681274,0.11975914500019746,0.004560240744705586,0.16966220751665964,0.006207974307130969,1.353910886841582,0.047949258896332635,0.01818181818181818,0.040655781409087086,0.2838487399945734,0.034556988006791536,0.0013030200032517314,4.9774867108746847e-05,1.4087089644518633,0.012398380227177232
glucose,RGB_primary,ElasticNet,patch,1.4028748820182588,0.025945189098690452,2.528439378093549,0.04581281083680739,0.8566939928520757,0.005167272931269917,0.8879856526546508,0.0044286376873474125,0.07014374410091294,0.0012972594549345204,0.12642196890467744,0.0022906405418403634,0.1903918209512516,0.0037294754140218753,1.4092536600343177,0.023629243273725026,0.056746411483253587,0.011619999195781027,0.2838487399945734,0.034556988006791536,0.0013030200032517314,4.9774867108746847e-05,1.4087089644518633,0.012398380227177232
glucose,RGB_primary,ExtraTrees,concentration_median,0.19794632683735353,0.048491349860493554,0.34038849985852737,0.08792351388088564,0.9972648657308734,0.001452026229927735,0.9418181818181818,0.004979295977319601,0.009897316341867675,0.0024245674930246782,0.017019424992926368,0.004396175694044284,0.05975392743600296,0.008599085397076489,0.19794632683735353,0.048491349860493554,0.0,0.0,3.5614040600019505,0.09023277606024073,0.00952812000468839,0.0006015068631873828,0.5561065329788978,0.021624310820953438
glucose,RGB_primary,ExtraTrees,patch,0.5289809298126166,0.03386998339471472,1.1724214371931925,0.117284217139263,0.9689489875745917,0.005889950636305545,0.8914529317872038,0.004612122812370932,0.026449046490630828,0.0016934991697357355,0.058621071859659625,0.005864210856963148,0.11464145055858277,0.007529747747056508,0.5289809298126166,0.03386998339471472,0.0,0.0,3.5614040600019505,0.09023277606024073,0.00952812000468839,0.0006015068631873828,0.5561065329788978,0.021624310820953438
glucose,RGB_primary,RandomForest,concentration_median,0.2827996779523083,0.046507149483841825,0.4511581428560996,0.08656303479122286,0.9953042122343334,0.0017899389425300178,0.9381818181818182,0.011853095282186542,0.014139983897615416,0.0023253574741920907,0.022557907142804978,0.00432815173956114,0.0706757220936758,0.006783190615982241,0.2827996779523083,0.046507149483841825,0.0,0.0,5.692943900002865,0.12585312406021926,0.008749699997133575,0.0003867200504437317,0.672870524742588,0.034868576251357426
glucose,RGB_primary,RandomForest,patch,0.6308399249128323,0.06836167446208959,1.3527822777927851,0.154612483444224,0.9585603605549242,0.009966388044490987,0.8952803550025419,0.007749862668177418,0.03154199624564162,0.0034180837231044823,0.06763911388963925,0.007730624172211201,0.12812157426139134,0.009724211006109242,0.6308399249128323,0.06836167446208959,0.0,0.0,5.692943900002865,0.12585312406021926,0.008749699997133575,0.0003867200504437317,0.672870524742588,0.034868576251357426
glucose,RGB_primary,Ridge,concentration_median,1.3032504887308611,0.050989775194803216,2.309182107136175,0.09764606955147467,0.8803307877568821,0.009922259490810785,0.9200000000000002,0.0162623125636349,0.06516252443654307,0.0025494887597401613,0.11545910535680874,0.004882303477573737,0.16389443073023888,0.00704778623022561,1.303698973585799,0.051517154593695276,0.01818181818181818,0.040655781409087086,0.1507618600036949,0.03318465524608816,0.0013731799961533397,0.00011342943392717383,1.3905432476601818,0.011995689537185255
glucose,RGB_primary,Ridge,patch,1.3818358449339212,0.028943848023246035,2.4946368099553604,0.05163960477586915,0.8604889007501972,0.0057354150376694385,0.8904707741553899,0.004341595161663113,0.06909179224669605,0.0014471924011623019,0.12473184049776802,0.0025819802387934587,0.18886960282636864,0.004149250796107781,1.3899490751596189,0.025705162975354648,0.06995215311004785,0.012125198706460909,0.1507618600036949,0.03318465524608816,0.0013731799961533397,0.00011342943392717383,1.3905432476601818,0.011995689537185255
glucose,RGB_primary,SVR,concentration_median,0.40616661310763336,0.08403482627826488,0.6893619811246381,0.1686365115198413,0.9888403923796639,0.005093258372278174,0.930909090909091,0.02281800072365654,0.02030833065538167,0.0042017413139132445,0.03446809905623191,0.008431825575992067,0.08765839132749902,0.010736042651352858,0.4061775442010367,0.0840266830687869,0.01818181818181818,0.040655781409087086,2.067957700006082,0.12819783774313123,0.007377219997579232,0.0014107467668129053,0.7001692927557174,0.02339701376180289
glucose,RGB_primary,SVR,patch,0.662992191707634,0.05706959122121781,1.2938468168257575,0.103078956697423,0.9622939877763038,0.006196005076623509,0.903512619249884,0.00836847792100754,0.0331496095853817,0.0028534795610608895,0.06469234084128787,0.005153947834871151,0.12784038735062067,0.007135443646960972,0.6909891718324607,0.04935777812616442,0.0861244019138756,0.01758006992428118,2.067957700006082,0.12819783774313123,0.007377219997579232,0.0014107467668129053,0.7001692927557174,0.02339701376180289
ketone,Background_adjusted_secondary,ExtraTrees,concentration_median,0.011027260394510073,0.002075737544809728,0.015664890676039163,0.00306378647506217,0.9999779051357972,7.926724876799395e-06,0.9952380952380953,0.010647942749998961,0.0011027260394510072,0.00020757375448097275,0.0015664890676039163,0.00030637864750621705,0.009900434107589957,0.0015000707703840576,0.011027260394511228,0.002075737544811087,0.025,0.05590169943749474,2.9769091199996183,0.11682522240205648,0.00795595999516081,0.0004312724808289437,0.15025836232922304,0.008198558568922395
ketone,Background_adjusted_secondary,ExtraTrees,patch,0.14596249189736715,0.046948873325132326,0.5058462600338751,0.15004657530480522,0.9760710143342358,0.014260679820000208,0.9267710013229568,0.013936380153497158,0.014596249189736715,0.004694887332513232,0.05058462600338752,0.015004657530480523,0.04839090049141152,0.00857185755037192,0.145962491897368,0.04694887332513357,0.018421052631578946,0.04119072590131191,2.9769091199996183,0.11682522240205648,0.00795595999516081,0.0004312724808289437,0.15025836232922304,0.008198558568922395
ketone,Background_negative_control,ExtraTrees,concentration_median,0.5283424388854727,0.18668161000897,1.0360113020159918,0.5081229076990877,0.8881820345290163,0.10174847373213729,0.9868654686232452,0.012951545584010231,0.05283424388854727,0.018668161000897,0.10360113020159918,0.05081229076990878,0.13160816867572162,0.02602909702018825,0.5283424388854727,0.18668161000897,0.0,0.0,3.0783007799996995,0.06285284278970334,0.008313900005305186,0.0005110388201533369,0.9303046519997021,0.028516976898385095
ketone,Background_negative_control,ExtraTrees,patch,0.8726931645503836,0.04705469662768907,1.7669588374470517,0.17385791159881941,0.7251162294336938,0.05538120998967746,0.9052793231302028,0.020297226079978147,0.08726931645503837,0.004705469662768907,0.17669588374470518,0.017385791159881932,0.22586981126313663,0.01510934423202672,0.8726931645503839,0.04705469662768952,0.00506578947368421,0.008162933503312481,3.0783007799996995,0.06285284278970334,0.008313900005305186,0.0005110388201533369,0.9303046519997021,0.028516976898385095
ketone,Baseline,DummyMean,concentration_median,2.70875,0.0,3.383196528432837,0.0,0.0,0.0,,,0.27087500000000003,0.0,0.3383196528432837,0.0,0.9299944503446052,0.0,2.70875,0.0,0.0,0.0,0.0002608800015877932,3.251986971349552e-05,1.983999682124704e-05,2.3060775836482707e-06,,
ketone,Baseline,DummyMean,patch,2.70875,0.0,3.383196528432837,0.0,8.881784197001253e-17,4.965068306494546e-17,,,0.27087500000000003,0.0,0.3383196528432837,0.0,0.9299944503446052,1.2412670766236366e-16,2.70875,0.0,0.0,0.0,0.0002608800015877932,3.251986971349552e-05,1.983999682124704e-05,2.3060775836482707e-06,,
ketone,Chromaticity_secondary,ExtraTrees,concentration_median,0.0054413166390926875,0.001076273096573013,0.010811874940972308,0.002825465279922859,0.9999892291594422,5.130512335295241e-06,1.0,0.0,0.0005441316639092687,0.00010762730965730134,0.0010811874940972307,0.000282546527992286,0.0051130694098974585,0.0009948147418823118,0.005441316639097306,0.0010762730965718505,0.1,0.05590169943749474,2.6897350399987774,0.16155509543520155,0.008211640000808984,0.0007362182200448497,0.07359966015844381,0.008012802860019057
ketone,Chromaticity_secondary,ExtraTrees,patch,0.06249471246483081,0.028750999490631108,0.26392904560140434,0.15680426168189915,0.992195661718853,0.00779058542874809,0.9544200468349666,0.00713738890216184,0.006249471246483081,0.00287509994906311,0.026392904560140436,0.015680426168189914,0.02328167180449321,0.005819389351877058,0.06249471246483471,0.02875099949062939,0.08460526315789474,0.04845608000809282,2.6897350399987774,0.16155509543520155,0.008211640000808984,0.0007362182200448497,0.07359966015844381,0.008012802860019057
ketone,HSV_primary,ElasticNet,concentration_median,0.39799316991074524,0.052358110126971,0.5825994116451083,0.09294524105922511,0.9697420442616632,0.009018086827615885,0.980952380952381,0.010647942749998961,0.03979931699107453,0.0052358110126970985,0.05825994116451083,0.009294524105922512,0.11947274651081603,0.007665928957804586,0.39799316991074524,0.052358110126971,0.0,0.0,0.24192148000292946,0.0076437567980482575,0.0012985599983949213,0.00011606512614765856,0.45143754428280036,0.015038738021651734
ketone,HSV_primary,ElasticNet,patch,0.40453620616014446,0.03367041693606482,0.658559043891605,0.05254039839970326,0.9619161545526366,0.006000711871207881,0.8965280976957501,0.01725622216285798,0.040453620616014443,0.003367041693606481,0.0658559043891605,0.005254039839970326,0.12562016724140437,0.004149839756428619,0.45460336963957315,0.03686222599765227,0.02743421052631579,0.019510212007463612,0.24192148000292946,0.0076437567980482575,0.0012985599983949213,0.00011606512614765856,0.45143754428280036,0.015038738021651734
ketone,HSV_primary,ExtraTrees,concentration_median,0.002467747091724571,0.0006151565753333378,0.004213425272065941,0.0005585469181860264,0.9999984271795597,4.136151791053075e-07,1.0,0.0,0.00024677470917245715,6.151565753333377e-05,0.000421342527206594,5.5854691818602606e-05,0.002285305218110116,0.0005430477384498764,0.0024677470917291895,0.0006151565753328907,0.1,0.05590169943749474,2.905285919999005,0.12375189066842357,0.007430280002881773,0.0002560643007854703,0.04153390383247246,0.005427967364808119
ketone,HSV_primary,ExtraTrees,patch,0.04481531141051671,0.01695111675516677,0.26066842133999446,0.13260921280588867,0.992834522611569,0.00482269068583248,0.9751901958366027,0.004296211255980849,0.004481531141051671,0.001695111675516677,0.02606684213399944,0.013260921280588867,0.01664282288424864,0.0038014686697440425,0.04481531141052079,0.016951116755166154,0.08835526315789474,0.04966974553874477,2.905285919999005,0.12375189066842357,0.007430280002881773,0.0002560643007854703,0.04153390383247246,0.005427967364808119
ketone,HSV_primary,RandomForest,concentration_median,0.002105833333333353,0.0005409418227088271,0.003819056314072038,0.0006279961329411951,0.9999986981766525,4.167751468199725e-07,1.0,0.0,0.00021058333333333533,5.409418227088271e-05,0.00038190563140720374,6.279961329411952e-05,0.002000221804585816,0.0005009882950141712,0.002105833333333353,0.0005409418227088271,0.0,0.0,4.903814580000471,0.22414191547643034,0.0068606800021370875,0.0005294133122302919,0.034796848611111125,0.008032980025472267
ketone,HSV_primary,RandomForest,patch,0.040382855263157914,0.020051561363872285,0.28351769466404975,0.15657425818606432,0.9912638023724336,0.006412720481103404,0.9747391341013266,0.0031841435941814406,0.004038285526315791,0.002005156136387229,0.028351769466404976,0.015657425818606435,0.015217066879965307,0.004360600552315188,0.040382855263157914,0.020051561363872285,0.0,0.0,4.903814580000471,0.22414191547643034,0.0068606800021370875,0.0005294133122302919,0.034796848611111125,0.008032980025472267
ketone,HSV_primary,Ridge,concentration_median,0.37555652221544605,0.06641318043332634,0.5568874525978458,0.10817316926034275,0.9720876935922214,0.009770669226335175,0.9761904761904763,0.0,0.037555652221544604,0.006641318043332634,0.05568874525978458,0.010817316926034277,0.11001877460752338,0.011365408035687424,0.37555652221544605,0.06641318043332634,0.0,0.0,0.12185182000102941,0.003780275495062258,0.0012450200010789558,0.00010207074566983602,0.45627179271905033,0.017607524150908844
ketone,HSV_primary,Ridge,patch,0.3895344967952787,0.028872163553707184,0.6448153365128053,0.031569290893499885,0.9636044529191308,0.0035283002479036974,0.9067406141096175,0.014958064057255445,0.03895344967952787,0.0028872163553707152,0.06448153365128054,0.0031569290893499894,0.12011261138363694,0.00391393743686565,0.4625379468117421,0.06521799025564376,0.06401315789473684,0.03100806625912351,0.12185182000102941,0.003780275495062258,0.0012450200010789558,0.00010207074566983602,0.45627179271905033,0.017607524150908844
ketone,HSV_primary,SVR,concentration_median,0.015903884827947627,0.009019720393248278,0.023479614238270545,0.013723151645503664,0.9999386728072898,7.045570251848567e-05,1.0,0.0,0.0015903884827947624,0.0009019720393248277,0.0023479614238270546,0.0013723151645503662,0.007179526065138117,0.0026372046302374727,0.018222654229082782,0.007464149618090898,0.075,0.06846531968814576,2.020523800002411,0.10495692328415952,0.003939399996306747,0.00030969266068848117,0.11783042691045964,0.00829132695888897
ketone,HSV_primary,SVR,patch,0.10103133992665088,0.026712856362076317,0.28407845419240474,0.09839140248999849,0.9922728361244817,0.005168621007149422,0.9658105502901565,0.005344725110796366,0.010103133992665086,0.0026712856362076315,0.02840784541924047,0.009839140248999848,0.033936290470413064,0.00675146554003951,0.10934132534607277,0.02466544291438907,0.11960526315789473,0.016852895392261032,2.020523800002411,0.10495692328415952,0.003939399996306747,0.00030969266068848117,0.11783042691045964,0.00829132695888897
ketone,RGB_HSV_combined,ElasticNet,concentration_median,0.25186501218140744,0.037564140689503304,0.37702319670176615,0.03873843745688625,0.9874762546513827,0.0024871800834678492,0.9702345309061725,0.01785120309470101,0.025186501218140745,0.00375641406895033,0.037702319670176614,0.0038738437456886233,0.08737939789446418,0.005694765351127231,0.25461748174984555,0.03272059082261147,0.075,0.11180339887498948,0.28403971999650823,0.01211200641052129,0.0012648999982047826,0.00010737951254979403,0.3648272534413351,0.005916810720886386
ketone,RGB_HSV_combined,ElasticNet,patch,0.3163141889120199,0.030611740629954688,0.5533844515170002,0.0783263849658498,0.972816542062171,0.007614583465042134,0.9138601027172812,0.010941699682338879,0.03163141889120199,0.0030611740629954707,0.055338445151700014,0.00783263849658498,0.10674739463266505,0.0033333391941260623,0.36394251623519686,0.022740980633501173,0.14217105263157898,0.03135232554651274,0.28403971999650823,0.01211200641052129,0.0012648999982047826,0.00010737951254979403,0.3648272534413351,0.005916810720886386
ketone,RGB_HSV_combined,ExtraTrees,concentration_median,0.0028059993706385828,0.0005034755269779964,0.00514556293804347,0.0010805762386710065,0.9999976051992789,1.0697017751067851e-06,1.0,0.0,0.0002805999370638583,5.034755269779964e-05,0.0005145562938043471,0.00010805762386710068,0.0026453599858029253,0.00047419529123650123,0.0028059993706420466,0.0005034755269802762,0.075,0.06846531968814576,3.356520020001335,0.10110914654631847,0.0079859600024065,0.0006528293750579137,0.044611385452371685,0.005447081095608338
ketone,RGB_HSV_combined,ExtraTrees,patch,0.04597976648986144,0.018825011386715444,0.2556312381058281,0.13268547618060178,0.9930603225364333,0.005161931301713066,0.9733996630648392,0.005039861042007312,0.0045979766489861445,0.0018825011386715443,0.02556312381058281,0.013268547618060176,0.017119545691065347,0.0038934154249794153,0.04597976648986431,0.01882501138671703,0.06210526315789473,0.05673479148720785,3.356520020001335,0.10110914654631847,0.0079859600024065,0.0006528293750579137,0.044611385452371685,0.005447081095608338
ketone,RGB_HSV_combined,RandomForest,concentration_median,0.0020325000000000126,0.000639840474910224,0.0036892496590837385,0.0007804185643826284,0.999998768322343,5.285220883354745e-07,1.0,0.0,0.00020325000000000125,6.39840474910224e-05,0.00036892496590837387,7.804185643826286e-05,0.0019245595193660835,0.0005998301390150165,0.0020325000000000126,0.000639840474910224,0.0,0.0,5.734605459999875,0.17606438402830613,0.006875220002257265,0.000565592358901472,0.03522120694444446,0.00762784436940236
ketone,RGB_HSV_combined,RandomForest,patch,0.04053973684210528,0.019255701578559752,0.28358259401279157,0.1546858017498823,0.9913016702477945,0.006406211205385341,0.9739686972809583,0.003813714645211412,0.004053973684210528,0.001925570157855975,0.028358259401279156,0.015468580174988233,0.015287543568081902,0.004114212226627173,0.04053973684210528,0.019255701578559752,0.0,0.0,5.734605459999875,0.17606438402830613,0.006875220002257265,0.000565592358901472,0.03522120694444446,0.00762784436940236
ketone,RGB_HSV_combined,Ridge,concentration_median,0.2612853588114965,0.041519681464232405,0.39112488041802224,0.04576539750134342,0.9864883805673674,0.0030202700724813814,0.961904761904762,0.01304101327393257,0.02612853588114965,0.00415196814642324,0.03911248804180223,0.004576539750134341,0.08938745530267991,0.006294775553659091,0.26543041614159124,0.033280178203948504,0.05,0.06846531968814576,0.12312709999969229,0.005030561633651989,0.0012232999986736103,6.61486181228574e-05,0.36114349052236394,0.00543519862681931
ketone,RGB_HSV_combined,Ridge,patch,0.3183419190299433,0.03731943271556083,0.5477871663747019,0.07759846734051917,0.9733629654108593,0.007497865637680072,0.9133360248163905,0.00993699842755222,0.03183419190299433,0.003731943271556084,0.05477871663747019,0.007759846734051919,0.10815752977396613,0.005206659764611415,0.3590658669165336,0.023608538056985564,0.14072368421052633,0.007602883892991179,0.12312709999969229,0.005030561633651989,0.0012232999986736103,6.61486181228574e-05,0.36114349052236394,0.00543519862681931
ketone,RGB_HSV_combined,SVR,concentration_median,0.023079898638839975,0.01469246755692893,0.035646163265567514,0.0242847158221902,0.9998477682999072,0.00019439958196776295,1.0,0.0,0.0023079898638839976,0.0014692467556928933,0.0035646163265567513,0.00242847158221902,0.009184628813581234,0.004850058065454469,0.02477677831756444,0.013607392868359238,0.075,0.06846531968814576,2.0778318199969363,0.04597332731761077,0.004511459998320788,0.00029078872700156636,0.12850341861396092,0.007978685146915075
ketone,RGB_HSV_combined,SVR,patch,0.11894089205479438,0.02427831635469029,0.3163934831453452,0.10098444257488438,0.990541416657161,0.005747439503043109,0.9616610533258951,0.006797487062510892,0.011894089205479439,0.002427831635469029,0.03163934831453452,0.010098444257488438,0.039473987770071016,0.003973601384960605,0.12607583040029074,0.023287953475075604,0.12888157894736843,0.013627317206193859,2.0778318199969363,0.04597332731761077,0.004511459998320788,0.00029078872700156636,0.12850341861396092,0.007978685146915075
ketone,RGB_primary,ElasticNet,concentration_median,0.6155257312765606,0.017430021333906066,1.1345119730879454,0.030710669398328564,0.8874829788958876,0.006080034484386183,0.9796582822450457,0.013119338382209569,0.061552573127656066,0.0017430021333906056,0.11345119730879454,0.0030710669398328495,0.13312755003721458,0.003906707664160408,0.6437614335530553,0.016536519826287493,0.25,0.0,0.24570278000319376,0.007376510778386065,0.0012520599964773282,0.00010944283279579438,0.7196401669682646,0.004181585804143812
ketone,RGB_primary,ElasticNet,patch,0.6855545563967513,0.017621351870022544,1.2370750689581267,0.050391526301358736,0.8661205957769257,0.010933894233450118,0.9346320723304808,0.010235867555632215,0.06855545563967513,0.0017621351870022565,0.12370750689581267,0.005039152630135878,0.16426114640704712,0.004229409763907686,0.7179838995036484,0.015987442817739127,0.2825657894736842,0.023271718626084206,0.24570278000319376,0.007376510778386065,0.0012520599964773282,0.00010944283279579438,0.7196401669682646,0.004181585804143812
ketone,RGB_primary,ExtraTrees,concentration_median,0.008706776498109331,0.004098553782518899,0.013938974610137992,0.0058053833880888864,0.9999806695236971,1.647585111027402e-05,0.9952380952380953,0.010647942749998961,0.0008706776498109331,0.0004098553782518898,0.001393897461013799,0.0005805383388088886,0.007240504147365023,0.0027539452475155318,0.008706776498112795,0.004098553782516494,0.075,0.06846531968814576,2.8894588400027716,0.0707632862675366,0.0076692200032994155,0.0003391374056275451,0.0921537098114323,0.006853704774380816
ketone,RGB_primary,ExtraTrees,patch,0.08651581278148597,0.030728460425641348,0.3217008255454729,0.1528444316387781,0.9893254973583698,0.00907775006151403,0.953094354743814,0.007795493356221625,0.008651581278148596,0.0030728460425641355,0.03217008255454729,0.015284443163877809,0.028620931132724382,0.007984001499461676,0.08651581278148847,0.030728460425640942,0.054276315789473686,0.050076767590915554,2.8894588400027716,0.0707632862675366,0.0076692200032994155,0.0003391374056275451,0.0921537098114323,0.006853704774380816
ketone,RGB_primary,RandomForest,concentration_median,0.010468156579792436,0.0038934783713976133,0.015868154445767592,0.005830203093467309,0.9999756254688992,1.787093079932227e-05,0.9904761904761905,0.01304101327393248,0.0010468156579792436,0.0003893478371397613,0.0015868154445767592,0.0005830203093467309,0.008461296121465458,0.002625097984241314,0.010468156579794479,0.0038934783713964836,0.05,0.06846531968814576,4.703144059999613,0.1530112073428268,0.0073720000014873225,0.0007171309081504078,0.14185198015893377,0.009753177521235746
ketone,RGB_primary,RandomForest,patch,0.13752558435365417,0.03496665957263383,0.5286825060852962,0.18765147103359744,0.973119417447618,0.017487772461892395,0.9448766030699947,0.006563104073202973,0.013752558435365417,0.0034966659572633835,0.05286825060852962,0.018765147103359744,0.04024353180886969,0.00592377031046676,0.13752558435365597,0.03496665957263547,0.042368421052631576,0.058166229457542455,4.703144059999613,0.1530112073428268,0.0073720000014873225,0.0007171309081504078,0.14185198015893377,0.009753177521235746
ketone,RGB_primary,Ridge,concentration_median,0.6119114620543438,0.017349265394226564,1.131832776649036,0.031728728262604484,0.8880090246178571,0.006259239117872887,0.9796582822450457,0.013119338382209569,0.06119114620543438,0.001734926539422655,0.11318327766490359,0.003172872826260449,0.1323024311022493,0.003630532584043205,0.6396839349341269,0.016448240154852942,0.25,0.0,0.12123699999647215,0.006685472328815234,0.0012161400023614987,9.187438451173705e-05,0.7177295362789677,0.004233488937256781
ketone,RGB_primary,Ridge,patch,0.6837539984022307,0.01756336440697185,1.2376809660260195,0.050399219984413976,0.865989539920758,0.010937397213580035,0.9346532768218513,0.010178616416296797,0.06837539984022308,0.0017563364406971817,0.12376809660260195,0.005039921998441398,0.16362169832076368,0.0042643174984271,0.7159748437926978,0.015893012267060167,0.2825657894736842,0.023271718626084206,0.12123699999647215,0.006685472328815234,0.0012161400023614987,9.187438451173705e-05,0.7177295362789677,0.004233488937256781
ketone,RGB_primary,SVR,concentration_median,0.04085453120758045,0.009532218615332017,0.07912183426912338,0.024352896193482673,0.9994116106527853,0.00032589286601018895,0.9857142857142858,0.021295885499997967,0.004085453120758045,0.0009532218615332016,0.007912183426912339,0.0024352896193482673,0.013289255320314206,0.004222073686966772,0.04113832169962977,0.00978548342133158,0.025,0.05590169943749475,1.9292646999965655,0.0535206618539084,0.004443200002424419,0.0003693542828942442,0.15768670583695601,0.005190729602508002
ketone,RGB_primary,SVR,patch,0.15307174975567567,0.02132436312982807,0.36034410483102886,0.07431723240881426,0.9882696055593303,0.004605651709976514,0.9475765457928051,0.006441442954207289,0.015307174975567567,0.0021324363129828065,0.03603441048310288,0.007431723240881426,0.046934053938034584,0.004532848819703019,0.1579624901326771,0.019733706159889387,0.11861842105263158,0.02216870985591856,1.9292646999965655,0.0535206618539084,0.004443200002424419,0.0003693542828942442,0.15768670583695601,0.005190729602508002
